--
-- PostgreSQL database dump
--

-- Dumped from database version 14.10 (Ubuntu 14.10-0ubuntu0.22.04.1)
-- Dumped by pg_dump version 14.10 (Ubuntu 14.10-0ubuntu0.22.04.1)

SET statement_timeout = 0;
SET lock_timeout = 0;
SET idle_in_transaction_session_timeout = 0;
SET client_encoding = 'UTF8';
SET standard_conforming_strings = on;
SELECT pg_catalog.set_config('search_path', '', false);
SET check_function_bodies = false;
SET xmloption = content;
SET client_min_messages = warning;
SET row_security = off;

SET default_tablespace = '';

SET default_table_access_method = heap;

--
-- Name: auth_group; Type: TABLE; Schema: public; Owner: faizan
--

CREATE TABLE public.auth_group (
    id integer NOT NULL,
    name character varying(150) NOT NULL
);


ALTER TABLE public.auth_group OWNER TO faizan;

--
-- Name: auth_group_id_seq; Type: SEQUENCE; Schema: public; Owner: faizan
--

CREATE SEQUENCE public.auth_group_id_seq
    AS integer
    START WITH 1
    INCREMENT BY 1
    NO MINVALUE
    NO MAXVALUE
    CACHE 1;


ALTER TABLE public.auth_group_id_seq OWNER TO faizan;

--
-- Name: auth_group_id_seq; Type: SEQUENCE OWNED BY; Schema: public; Owner: faizan
--

ALTER SEQUENCE public.auth_group_id_seq OWNED BY public.auth_group.id;


--
-- Name: auth_group_permissions; Type: TABLE; Schema: public; Owner: faizan
--

CREATE TABLE public.auth_group_permissions (
    id bigint NOT NULL,
    group_id integer NOT NULL,
    permission_id integer NOT NULL
);


ALTER TABLE public.auth_group_permissions OWNER TO faizan;

--
-- Name: auth_group_permissions_id_seq; Type: SEQUENCE; Schema: public; Owner: faizan
--

CREATE SEQUENCE public.auth_group_permissions_id_seq
    START WITH 1
    INCREMENT BY 1
    NO MINVALUE
    NO MAXVALUE
    CACHE 1;


ALTER TABLE public.auth_group_permissions_id_seq OWNER TO faizan;

--
-- Name: auth_group_permissions_id_seq; Type: SEQUENCE OWNED BY; Schema: public; Owner: faizan
--

ALTER SEQUENCE public.auth_group_permissions_id_seq OWNED BY public.auth_group_permissions.id;


--
-- Name: auth_permission; Type: TABLE; Schema: public; Owner: faizan
--

CREATE TABLE public.auth_permission (
    id integer NOT NULL,
    name character varying(255) NOT NULL,
    content_type_id integer NOT NULL,
    codename character varying(100) NOT NULL
);


ALTER TABLE public.auth_permission OWNER TO faizan;

--
-- Name: auth_permission_id_seq; Type: SEQUENCE; Schema: public; Owner: faizan
--

CREATE SEQUENCE public.auth_permission_id_seq
    AS integer
    START WITH 1
    INCREMENT BY 1
    NO MINVALUE
    NO MAXVALUE
    CACHE 1;


ALTER TABLE public.auth_permission_id_seq OWNER TO faizan;

--
-- Name: auth_permission_id_seq; Type: SEQUENCE OWNED BY; Schema: public; Owner: faizan
--

ALTER SEQUENCE public.auth_permission_id_seq OWNED BY public.auth_permission.id;


--
-- Name: default_customuser; Type: TABLE; Schema: public; Owner: faizan
--

CREATE TABLE public.default_customuser (
    id bigint NOT NULL,
    password character varying(128) NOT NULL,
    date_joined timestamp with time zone NOT NULL,
    last_login timestamp with time zone NOT NULL,
    is_admin boolean NOT NULL,
    is_active boolean NOT NULL,
    is_staff boolean NOT NULL,
    is_superuser boolean NOT NULL,
    email character varying(60) NOT NULL,
    first_name character varying(30) NOT NULL,
    last_name character varying(30) NOT NULL,
    city character varying(75) NOT NULL,
    country character varying(60) NOT NULL,
    expertise text,
    phone character varying(15) NOT NULL,
    contribution_url text NOT NULL,
    feedback text,
    hackathon text,
    interest text,
    issue_desc text NOT NULL,
    profile_url text,
    project_impact text NOT NULL,
    project_info text NOT NULL,
    project_url text NOT NULL,
    team text,
    is_submitted boolean NOT NULL,
    is_email_verified boolean NOT NULL,
    is_phone_verified boolean NOT NULL,
    phone_verification_code character varying(6),
    country_code character varying(32) NOT NULL,
    "timestamp" timestamp with time zone,
    joined_discord boolean NOT NULL,
    source text,
    coder_password text
);


ALTER TABLE public.default_customuser OWNER TO faizan;

--
-- Name: default_customuser_groups; Type: TABLE; Schema: public; Owner: faizan
--

CREATE TABLE public.default_customuser_groups (
    id bigint NOT NULL,
    customuser_id bigint NOT NULL,
    group_id integer NOT NULL
);


ALTER TABLE public.default_customuser_groups OWNER TO faizan;

--
-- Name: default_customuser_groups_id_seq; Type: SEQUENCE; Schema: public; Owner: faizan
--

CREATE SEQUENCE public.default_customuser_groups_id_seq
    START WITH 1
    INCREMENT BY 1
    NO MINVALUE
    NO MAXVALUE
    CACHE 1;


ALTER TABLE public.default_customuser_groups_id_seq OWNER TO faizan;

--
-- Name: default_customuser_groups_id_seq; Type: SEQUENCE OWNED BY; Schema: public; Owner: faizan
--

ALTER SEQUENCE public.default_customuser_groups_id_seq OWNED BY public.default_customuser_groups.id;


--
-- Name: default_customuser_id_seq; Type: SEQUENCE; Schema: public; Owner: faizan
--

CREATE SEQUENCE public.default_customuser_id_seq
    START WITH 1
    INCREMENT BY 1
    NO MINVALUE
    NO MAXVALUE
    CACHE 1;


ALTER TABLE public.default_customuser_id_seq OWNER TO faizan;

--
-- Name: default_customuser_id_seq; Type: SEQUENCE OWNED BY; Schema: public; Owner: faizan
--

ALTER SEQUENCE public.default_customuser_id_seq OWNED BY public.default_customuser.id;


--
-- Name: default_customuser_user_permissions; Type: TABLE; Schema: public; Owner: faizan
--

CREATE TABLE public.default_customuser_user_permissions (
    id bigint NOT NULL,
    customuser_id bigint NOT NULL,
    permission_id integer NOT NULL
);


ALTER TABLE public.default_customuser_user_permissions OWNER TO faizan;

--
-- Name: default_customuser_user_permissions_id_seq; Type: SEQUENCE; Schema: public; Owner: faizan
--

CREATE SEQUENCE public.default_customuser_user_permissions_id_seq
    START WITH 1
    INCREMENT BY 1
    NO MINVALUE
    NO MAXVALUE
    CACHE 1;


ALTER TABLE public.default_customuser_user_permissions_id_seq OWNER TO faizan;

--
-- Name: default_customuser_user_permissions_id_seq; Type: SEQUENCE OWNED BY; Schema: public; Owner: faizan
--

ALTER SEQUENCE public.default_customuser_user_permissions_id_seq OWNED BY public.default_customuser_user_permissions.id;


--
-- Name: default_event; Type: TABLE; Schema: public; Owner: faizan
--

CREATE TABLE public.default_event (
    id bigint NOT NULL,
    title character varying(120) NOT NULL,
    description character varying(200) NOT NULL,
    start_time time without time zone NOT NULL,
    end_time time without time zone NOT NULL,
    date date NOT NULL
);


ALTER TABLE public.default_event OWNER TO faizan;

--
-- Name: default_event_id_seq; Type: SEQUENCE; Schema: public; Owner: faizan
--

CREATE SEQUENCE public.default_event_id_seq
    START WITH 1
    INCREMENT BY 1
    NO MINVALUE
    NO MAXVALUE
    CACHE 1;


ALTER TABLE public.default_event_id_seq OWNER TO faizan;

--
-- Name: default_event_id_seq; Type: SEQUENCE OWNED BY; Schema: public; Owner: faizan
--

ALTER SEQUENCE public.default_event_id_seq OWNED BY public.default_event.id;


--
-- Name: default_incomingphoneno; Type: TABLE; Schema: public; Owner: faizan
--

CREATE TABLE public.default_incomingphoneno (
    id bigint NOT NULL,
    "From" character varying(18) NOT NULL,
    "FromCity" character varying(18) NOT NULL,
    "FromCountry" character varying(18) NOT NULL,
    "Caller" character varying(18) NOT NULL,
    "CallerCity" character varying(18) NOT NULL,
    "CallerCountry" character varying(18) NOT NULL,
    "time" timestamp with time zone NOT NULL
);


ALTER TABLE public.default_incomingphoneno OWNER TO faizan;

--
-- Name: default_incomingphoneno_id_seq; Type: SEQUENCE; Schema: public; Owner: faizan
--

CREATE SEQUENCE public.default_incomingphoneno_id_seq
    START WITH 1
    INCREMENT BY 1
    NO MINVALUE
    NO MAXVALUE
    CACHE 1;


ALTER TABLE public.default_incomingphoneno_id_seq OWNER TO faizan;

--
-- Name: default_incomingphoneno_id_seq; Type: SEQUENCE OWNED BY; Schema: public; Owner: faizan
--

ALTER SEQUENCE public.default_incomingphoneno_id_seq OWNED BY public.default_incomingphoneno.id;


--
-- Name: default_otpcode; Type: TABLE; Schema: public; Owner: faizan
--

CREATE TABLE public.default_otpcode (
    id bigint NOT NULL,
    otpcode character varying(6) NOT NULL
);


ALTER TABLE public.default_otpcode OWNER TO faizan;

--
-- Name: default_otpcode_id_seq; Type: SEQUENCE; Schema: public; Owner: faizan
--

CREATE SEQUENCE public.default_otpcode_id_seq
    START WITH 1
    INCREMENT BY 1
    NO MINVALUE
    NO MAXVALUE
    CACHE 1;


ALTER TABLE public.default_otpcode_id_seq OWNER TO faizan;

--
-- Name: default_otpcode_id_seq; Type: SEQUENCE OWNED BY; Schema: public; Owner: faizan
--

ALTER SEQUENCE public.default_otpcode_id_seq OWNED BY public.default_otpcode.id;


--
-- Name: default_referer; Type: TABLE; Schema: public; Owner: faizan
--

CREATE TABLE public.default_referer (
    id bigint NOT NULL,
    referer text,
    click_source text
);


ALTER TABLE public.default_referer OWNER TO faizan;

--
-- Name: default_referer_id_seq; Type: SEQUENCE; Schema: public; Owner: faizan
--

CREATE SEQUENCE public.default_referer_id_seq
    START WITH 1
    INCREMENT BY 1
    NO MINVALUE
    NO MAXVALUE
    CACHE 1;


ALTER TABLE public.default_referer_id_seq OWNER TO faizan;

--
-- Name: default_referer_id_seq; Type: SEQUENCE OWNED BY; Schema: public; Owner: faizan
--

ALTER SEQUENCE public.default_referer_id_seq OWNED BY public.default_referer.id;


--
-- Name: default_waitinglist; Type: TABLE; Schema: public; Owner: faizan
--

CREATE TABLE public.default_waitinglist (
    id bigint NOT NULL,
    email character varying(60) NOT NULL,
    full_name character varying(64) NOT NULL
);


ALTER TABLE public.default_waitinglist OWNER TO faizan;

--
-- Name: default_waitinglist_id_seq; Type: SEQUENCE; Schema: public; Owner: faizan
--

CREATE SEQUENCE public.default_waitinglist_id_seq
    START WITH 1
    INCREMENT BY 1
    NO MINVALUE
    NO MAXVALUE
    CACHE 1;


ALTER TABLE public.default_waitinglist_id_seq OWNER TO faizan;

--
-- Name: default_waitinglist_id_seq; Type: SEQUENCE OWNED BY; Schema: public; Owner: faizan
--

ALTER SEQUENCE public.default_waitinglist_id_seq OWNED BY public.default_waitinglist.id;


--
-- Name: django_admin_log; Type: TABLE; Schema: public; Owner: faizan
--

CREATE TABLE public.django_admin_log (
    id integer NOT NULL,
    action_time timestamp with time zone NOT NULL,
    object_id text,
    object_repr character varying(200) NOT NULL,
    action_flag smallint NOT NULL,
    change_message text NOT NULL,
    content_type_id integer,
    user_id bigint NOT NULL,
    CONSTRAINT django_admin_log_action_flag_check CHECK ((action_flag >= 0))
);


ALTER TABLE public.django_admin_log OWNER TO faizan;

--
-- Name: django_admin_log_id_seq; Type: SEQUENCE; Schema: public; Owner: faizan
--

CREATE SEQUENCE public.django_admin_log_id_seq
    AS integer
    START WITH 1
    INCREMENT BY 1
    NO MINVALUE
    NO MAXVALUE
    CACHE 1;


ALTER TABLE public.django_admin_log_id_seq OWNER TO faizan;

--
-- Name: django_admin_log_id_seq; Type: SEQUENCE OWNED BY; Schema: public; Owner: faizan
--

ALTER SEQUENCE public.django_admin_log_id_seq OWNED BY public.django_admin_log.id;


--
-- Name: django_content_type; Type: TABLE; Schema: public; Owner: faizan
--

CREATE TABLE public.django_content_type (
    id integer NOT NULL,
    app_label character varying(100) NOT NULL,
    model character varying(100) NOT NULL
);


ALTER TABLE public.django_content_type OWNER TO faizan;

--
-- Name: django_content_type_id_seq; Type: SEQUENCE; Schema: public; Owner: faizan
--

CREATE SEQUENCE public.django_content_type_id_seq
    AS integer
    START WITH 1
    INCREMENT BY 1
    NO MINVALUE
    NO MAXVALUE
    CACHE 1;


ALTER TABLE public.django_content_type_id_seq OWNER TO faizan;

--
-- Name: django_content_type_id_seq; Type: SEQUENCE OWNED BY; Schema: public; Owner: faizan
--

ALTER SEQUENCE public.django_content_type_id_seq OWNED BY public.django_content_type.id;


--
-- Name: django_migrations; Type: TABLE; Schema: public; Owner: faizan
--

CREATE TABLE public.django_migrations (
    id bigint NOT NULL,
    app character varying(255) NOT NULL,
    name character varying(255) NOT NULL,
    applied timestamp with time zone NOT NULL
);


ALTER TABLE public.django_migrations OWNER TO faizan;

--
-- Name: django_migrations_id_seq; Type: SEQUENCE; Schema: public; Owner: faizan
--

CREATE SEQUENCE public.django_migrations_id_seq
    START WITH 1
    INCREMENT BY 1
    NO MINVALUE
    NO MAXVALUE
    CACHE 1;


ALTER TABLE public.django_migrations_id_seq OWNER TO faizan;

--
-- Name: django_migrations_id_seq; Type: SEQUENCE OWNED BY; Schema: public; Owner: faizan
--

ALTER SEQUENCE public.django_migrations_id_seq OWNED BY public.django_migrations.id;


--
-- Name: django_session; Type: TABLE; Schema: public; Owner: faizan
--

CREATE TABLE public.django_session (
    session_key character varying(40) NOT NULL,
    session_data text NOT NULL,
    expire_date timestamp with time zone NOT NULL
);


ALTER TABLE public.django_session OWNER TO faizan;

--
-- Name: hacker_hackerinfo; Type: TABLE; Schema: public; Owner: faizan
--

CREATE TABLE public.hacker_hackerinfo (
    id bigint NOT NULL,
    user_id bigint NOT NULL
);


ALTER TABLE public.hacker_hackerinfo OWNER TO faizan;

--
-- Name: hacker_hackerinfo_id_seq; Type: SEQUENCE; Schema: public; Owner: faizan
--

CREATE SEQUENCE public.hacker_hackerinfo_id_seq
    START WITH 1
    INCREMENT BY 1
    NO MINVALUE
    NO MAXVALUE
    CACHE 1;


ALTER TABLE public.hacker_hackerinfo_id_seq OWNER TO faizan;

--
-- Name: hacker_hackerinfo_id_seq; Type: SEQUENCE OWNED BY; Schema: public; Owner: faizan
--

ALTER SEQUENCE public.hacker_hackerinfo_id_seq OWNED BY public.hacker_hackerinfo.id;


--
-- Name: organizer_featurepermission; Type: TABLE; Schema: public; Owner: faizan
--

CREATE TABLE public.organizer_featurepermission (
    id bigint NOT NULL,
    url_name character varying(100) NOT NULL,
    permission_name character varying(100) NOT NULL
);


ALTER TABLE public.organizer_featurepermission OWNER TO faizan;

--
-- Name: organizer_featurepermission_id_seq; Type: SEQUENCE; Schema: public; Owner: faizan
--

CREATE SEQUENCE public.organizer_featurepermission_id_seq
    START WITH 1
    INCREMENT BY 1
    NO MINVALUE
    NO MAXVALUE
    CACHE 1;


ALTER TABLE public.organizer_featurepermission_id_seq OWNER TO faizan;

--
-- Name: organizer_featurepermission_id_seq; Type: SEQUENCE OWNED BY; Schema: public; Owner: faizan
--

ALTER SEQUENCE public.organizer_featurepermission_id_seq OWNED BY public.organizer_featurepermission.id;


--
-- Name: organizer_organizerinfo; Type: TABLE; Schema: public; Owner: faizan
--

CREATE TABLE public.organizer_organizerinfo (
    id bigint NOT NULL,
    user_id bigint NOT NULL
);


ALTER TABLE public.organizer_organizerinfo OWNER TO faizan;

--
-- Name: organizer_organizerinfo_id_seq; Type: SEQUENCE; Schema: public; Owner: faizan
--

CREATE SEQUENCE public.organizer_organizerinfo_id_seq
    START WITH 1
    INCREMENT BY 1
    NO MINVALUE
    NO MAXVALUE
    CACHE 1;


ALTER TABLE public.organizer_organizerinfo_id_seq OWNER TO faizan;

--
-- Name: organizer_organizerinfo_id_seq; Type: SEQUENCE OWNED BY; Schema: public; Owner: faizan
--

ALTER SEQUENCE public.organizer_organizerinfo_id_seq OWNED BY public.organizer_organizerinfo.id;


--
-- Name: organizer_organizerpermission; Type: TABLE; Schema: public; Owner: faizan
--

CREATE TABLE public.organizer_organizerpermission (
    id bigint NOT NULL,
    user_id bigint NOT NULL
);


ALTER TABLE public.organizer_organizerpermission OWNER TO faizan;

--
-- Name: organizer_organizerpermission_id_seq; Type: SEQUENCE; Schema: public; Owner: faizan
--

CREATE SEQUENCE public.organizer_organizerpermission_id_seq
    START WITH 1
    INCREMENT BY 1
    NO MINVALUE
    NO MAXVALUE
    CACHE 1;


ALTER TABLE public.organizer_organizerpermission_id_seq OWNER TO faizan;

--
-- Name: organizer_organizerpermission_id_seq; Type: SEQUENCE OWNED BY; Schema: public; Owner: faizan
--

ALTER SEQUENCE public.organizer_organizerpermission_id_seq OWNED BY public.organizer_organizerpermission.id;


--
-- Name: organizer_organizerpermission_permission; Type: TABLE; Schema: public; Owner: faizan
--

CREATE TABLE public.organizer_organizerpermission_permission (
    id bigint NOT NULL,
    organizerpermission_id bigint NOT NULL,
    featurepermission_id bigint NOT NULL
);


ALTER TABLE public.organizer_organizerpermission_permission OWNER TO faizan;

--
-- Name: organizer_organizerpermission_permission_id_seq; Type: SEQUENCE; Schema: public; Owner: faizan
--

CREATE SEQUENCE public.organizer_organizerpermission_permission_id_seq
    START WITH 1
    INCREMENT BY 1
    NO MINVALUE
    NO MAXVALUE
    CACHE 1;


ALTER TABLE public.organizer_organizerpermission_permission_id_seq OWNER TO faizan;

--
-- Name: organizer_organizerpermission_permission_id_seq; Type: SEQUENCE OWNED BY; Schema: public; Owner: faizan
--

ALTER SEQUENCE public.organizer_organizerpermission_permission_id_seq OWNED BY public.organizer_organizerpermission_permission.id;


--
-- Name: organizer_websitesettings; Type: TABLE; Schema: public; Owner: faizan
--

CREATE TABLE public.organizer_websitesettings (
    id bigint NOT NULL,
    waiting_list_status boolean NOT NULL
);


ALTER TABLE public.organizer_websitesettings OWNER TO faizan;

--
-- Name: organizer_websitesettings_id_seq; Type: SEQUENCE; Schema: public; Owner: faizan
--

CREATE SEQUENCE public.organizer_websitesettings_id_seq
    START WITH 1
    INCREMENT BY 1
    NO MINVALUE
    NO MAXVALUE
    CACHE 1;


ALTER TABLE public.organizer_websitesettings_id_seq OWNER TO faizan;

--
-- Name: organizer_websitesettings_id_seq; Type: SEQUENCE OWNED BY; Schema: public; Owner: faizan
--

ALTER SEQUENCE public.organizer_websitesettings_id_seq OWNED BY public.organizer_websitesettings.id;


--
-- Name: auth_group id; Type: DEFAULT; Schema: public; Owner: faizan
--

ALTER TABLE ONLY public.auth_group ALTER COLUMN id SET DEFAULT nextval('public.auth_group_id_seq'::regclass);


--
-- Name: auth_group_permissions id; Type: DEFAULT; Schema: public; Owner: faizan
--

ALTER TABLE ONLY public.auth_group_permissions ALTER COLUMN id SET DEFAULT nextval('public.auth_group_permissions_id_seq'::regclass);


--
-- Name: auth_permission id; Type: DEFAULT; Schema: public; Owner: faizan
--

ALTER TABLE ONLY public.auth_permission ALTER COLUMN id SET DEFAULT nextval('public.auth_permission_id_seq'::regclass);


--
-- Name: default_customuser id; Type: DEFAULT; Schema: public; Owner: faizan
--

ALTER TABLE ONLY public.default_customuser ALTER COLUMN id SET DEFAULT nextval('public.default_customuser_id_seq'::regclass);


--
-- Name: default_customuser_groups id; Type: DEFAULT; Schema: public; Owner: faizan
--

ALTER TABLE ONLY public.default_customuser_groups ALTER COLUMN id SET DEFAULT nextval('public.default_customuser_groups_id_seq'::regclass);


--
-- Name: default_customuser_user_permissions id; Type: DEFAULT; Schema: public; Owner: faizan
--

ALTER TABLE ONLY public.default_customuser_user_permissions ALTER COLUMN id SET DEFAULT nextval('public.default_customuser_user_permissions_id_seq'::regclass);


--
-- Name: default_event id; Type: DEFAULT; Schema: public; Owner: faizan
--

ALTER TABLE ONLY public.default_event ALTER COLUMN id SET DEFAULT nextval('public.default_event_id_seq'::regclass);


--
-- Name: default_incomingphoneno id; Type: DEFAULT; Schema: public; Owner: faizan
--

ALTER TABLE ONLY public.default_incomingphoneno ALTER COLUMN id SET DEFAULT nextval('public.default_incomingphoneno_id_seq'::regclass);


--
-- Name: default_otpcode id; Type: DEFAULT; Schema: public; Owner: faizan
--

ALTER TABLE ONLY public.default_otpcode ALTER COLUMN id SET DEFAULT nextval('public.default_otpcode_id_seq'::regclass);


--
-- Name: default_referer id; Type: DEFAULT; Schema: public; Owner: faizan
--

ALTER TABLE ONLY public.default_referer ALTER COLUMN id SET DEFAULT nextval('public.default_referer_id_seq'::regclass);


--
-- Name: default_waitinglist id; Type: DEFAULT; Schema: public; Owner: faizan
--

ALTER TABLE ONLY public.default_waitinglist ALTER COLUMN id SET DEFAULT nextval('public.default_waitinglist_id_seq'::regclass);


--
-- Name: django_admin_log id; Type: DEFAULT; Schema: public; Owner: faizan
--

ALTER TABLE ONLY public.django_admin_log ALTER COLUMN id SET DEFAULT nextval('public.django_admin_log_id_seq'::regclass);


--
-- Name: django_content_type id; Type: DEFAULT; Schema: public; Owner: faizan
--

ALTER TABLE ONLY public.django_content_type ALTER COLUMN id SET DEFAULT nextval('public.django_content_type_id_seq'::regclass);


--
-- Name: django_migrations id; Type: DEFAULT; Schema: public; Owner: faizan
--

ALTER TABLE ONLY public.django_migrations ALTER COLUMN id SET DEFAULT nextval('public.django_migrations_id_seq'::regclass);


--
-- Name: hacker_hackerinfo id; Type: DEFAULT; Schema: public; Owner: faizan
--

ALTER TABLE ONLY public.hacker_hackerinfo ALTER COLUMN id SET DEFAULT nextval('public.hacker_hackerinfo_id_seq'::regclass);


--
-- Name: organizer_featurepermission id; Type: DEFAULT; Schema: public; Owner: faizan
--

ALTER TABLE ONLY public.organizer_featurepermission ALTER COLUMN id SET DEFAULT nextval('public.organizer_featurepermission_id_seq'::regclass);


--
-- Name: organizer_organizerinfo id; Type: DEFAULT; Schema: public; Owner: faizan
--

ALTER TABLE ONLY public.organizer_organizerinfo ALTER COLUMN id SET DEFAULT nextval('public.organizer_organizerinfo_id_seq'::regclass);


--
-- Name: organizer_organizerpermission id; Type: DEFAULT; Schema: public; Owner: faizan
--

ALTER TABLE ONLY public.organizer_organizerpermission ALTER COLUMN id SET DEFAULT nextval('public.organizer_organizerpermission_id_seq'::regclass);


--
-- Name: organizer_organizerpermission_permission id; Type: DEFAULT; Schema: public; Owner: faizan
--

ALTER TABLE ONLY public.organizer_organizerpermission_permission ALTER COLUMN id SET DEFAULT nextval('public.organizer_organizerpermission_permission_id_seq'::regclass);


--
-- Name: organizer_websitesettings id; Type: DEFAULT; Schema: public; Owner: faizan
--

ALTER TABLE ONLY public.organizer_websitesettings ALTER COLUMN id SET DEFAULT nextval('public.organizer_websitesettings_id_seq'::regclass);


--
-- Data for Name: auth_group; Type: TABLE DATA; Schema: public; Owner: faizan
--

COPY public.auth_group (id, name) FROM stdin;
1	hacker
2	organizer
\.


--
-- Data for Name: auth_group_permissions; Type: TABLE DATA; Schema: public; Owner: faizan
--

COPY public.auth_group_permissions (id, group_id, permission_id) FROM stdin;
\.


--
-- Data for Name: auth_permission; Type: TABLE DATA; Schema: public; Owner: faizan
--

COPY public.auth_permission (id, name, content_type_id, codename) FROM stdin;
1	Can add log entry	1	add_logentry
2	Can change log entry	1	change_logentry
3	Can delete log entry	1	delete_logentry
4	Can view log entry	1	view_logentry
5	Can add permission	2	add_permission
6	Can change permission	2	change_permission
7	Can delete permission	2	delete_permission
8	Can view permission	2	view_permission
9	Can add group	3	add_group
10	Can change group	3	change_group
11	Can delete group	3	delete_group
12	Can view group	3	view_group
13	Can add content type	4	add_contenttype
14	Can change content type	4	change_contenttype
15	Can delete content type	4	delete_contenttype
16	Can view content type	4	view_contenttype
17	Can add session	5	add_session
18	Can change session	5	change_session
19	Can delete session	5	delete_session
20	Can view session	5	view_session
21	Can add event	6	add_event
22	Can change event	6	change_event
23	Can delete event	6	delete_event
24	Can view event	6	view_event
25	Can add waiting list	7	add_waitinglist
26	Can change waiting list	7	change_waitinglist
27	Can delete waiting list	7	delete_waitinglist
28	Can view waiting list	7	view_waitinglist
29	Can add custom user	8	add_customuser
30	Can change custom user	8	change_customuser
31	Can delete custom user	8	delete_customuser
32	Can view custom user	8	view_customuser
33	Can add otp code	9	add_otpcode
34	Can change otp code	9	change_otpcode
35	Can delete otp code	9	delete_otpcode
36	Can view otp code	9	view_otpcode
37	Can add incoming phone no	10	add_incomingphoneno
38	Can change incoming phone no	10	change_incomingphoneno
39	Can delete incoming phone no	10	delete_incomingphoneno
40	Can view incoming phone no	10	view_incomingphoneno
41	Can add Hacker	11	add_hackerinfo
42	Can change Hacker	11	change_hackerinfo
43	Can delete Hacker	11	delete_hackerinfo
44	Can view Hacker	11	view_hackerinfo
45	Can add Feature Permission	12	add_featurepermission
46	Can change Feature Permission	12	change_featurepermission
47	Can delete Feature Permission	12	delete_featurepermission
48	Can view Feature Permission	12	view_featurepermission
49	Can add Website Settings	13	add_websitesettings
50	Can change Website Settings	13	change_websitesettings
51	Can delete Website Settings	13	delete_websitesettings
52	Can view Website Settings	13	view_websitesettings
53	Can add Organizer Permissions	14	add_organizerpermission
54	Can change Organizer Permissions	14	change_organizerpermission
55	Can delete Organizer Permissions	14	delete_organizerpermission
56	Can view Organizer Permissions	14	view_organizerpermission
57	Can add Organizer	15	add_organizerinfo
58	Can change Organizer	15	change_organizerinfo
59	Can delete Organizer	15	delete_organizerinfo
60	Can view Organizer	15	view_organizerinfo
61	Can add referer	16	add_referer
62	Can change referer	16	change_referer
63	Can delete referer	16	delete_referer
64	Can view referer	16	view_referer
\.


--
-- Data for Name: default_customuser; Type: TABLE DATA; Schema: public; Owner: faizan
--

COPY public.default_customuser (id, password, date_joined, last_login, is_admin, is_active, is_staff, is_superuser, email, first_name, last_name, city, country, expertise, phone, contribution_url, feedback, hackathon, interest, issue_desc, profile_url, project_impact, project_info, project_url, team, is_submitted, is_email_verified, is_phone_verified, phone_verification_code, country_code, "timestamp", joined_discord, source, coder_password) FROM stdin;
12	pbkdf2_sha256$320000$j3cHtOtNqCueRthGlTFPEu$jipTM5aL3tvEMQJTXR56ajqXkA4+udTo7IZU5c6YT/4=	2023-12-10 20:04:04.681006+01	2023-12-10 20:04:48.502888+01	f	t	f	f	rabetzohra@gmail.com	Zohra	Rabet				0698222372											f	t	f	\N	Algeria (+213)	\N	f		
34	pbkdf2_sha256$320000$rTvyh0otFdMOmZtoI860oH$Yyoh0tb5Qe7OW2YxKUBlNtVo3bCNa0u8enf+yZYqrHk=	2023-12-14 16:39:10.245586+01	2023-12-14 16:39:10.747919+01	f	t	f	f	dvdbrwndata@gmail.com	david	brown				9703880452											f	f	f	\N	Canada (+1)	\N	f		
6	pbkdf2_sha256$320000$e2hWac57VsXmhCPoaTM5JT$BtBbyStrmRfS/DwM3LPQTfp2UnzjgtnqpqjQvlaZ6Q4=	2023-12-01 21:35:22.275691+01	2023-12-01 21:44:57.413864+01	f	t	f	f	selcuk@parkyeri.com	Selcuk	Pultar				5333775112											f	t	f	748352	Turkey (+90)	2023-12-01 21:41:08.847342+01	f		
37	pbkdf2_sha256$320000$ZNAaazv3FrTXzKmNuYwcwL$LRD4CDzC1K1jejV9KdLD7EpQ3f3qEDlb2qqIOzbJIwY=	2023-12-15 21:04:55.973419+01	2023-12-16 02:57:04.234251+01	f	t	f	f	madhantamizharasan03@gmail.com	Madhan	Tamizharasan				470867458											f	t	t	900761	Belgium (+32)	2023-12-15 21:06:50.822326+01	t	mail_parkyeri_1	
45	pbkdf2_sha256$320000$0Oy1aWNBqaDECYuQG36Ijq$KxAPOFfVTRKDvMlKQqzwRnDtKi600k1T6mw3/1tzook=	2023-12-18 05:43:59.638798+01	2023-12-18 06:09:50.393983+01	f	t	f	f	entrind@gmail.com	John	Null				890308407											f	t	f	\N	Russia (+7)	\N	f		
36	pbkdf2_sha256$320000$dH176LIHk1fNjlDvCiqR5e$1FnicTKQfvmigDPrdpxgsobmtWBSB0sy6p511n3fihY=	2023-12-15 20:54:44.948944+01	2023-12-15 21:01:22.969562+01	f	t	f	f	gehadaqel253@gmail.com	Gehad	Aqel				544008657											f	t	t	\N	Saudi Arabia (+966)	\N	t	mail_parkyeri_1	
32	pbkdf2_sha256$320000$w1X4rFaYsUzkiGl2NraFOR$aLaPfowpsmDYvZ//mCT+54E3t2seZtsJ8NeDgwP4X1Y=	2023-12-14 13:25:27.610178+01	2023-12-14 13:43:43.383523+01	f	t	f	f	kevinpena421@gmail.com	Kevin	P				4692317922											f	t	t	\N	Canada (+1)	\N	t	tg_mahsa_2	P26iXa-43931tufo!
25	pbkdf2_sha256$320000$ZIYMU7FYwMZBhl3FPqOkyp$QZoiRUP9UUbWUmZmdb8QyymmAwbPIPfPC2IL7aW0Pmg=	2023-12-12 21:57:34.884851+01	2023-12-12 22:01:43.861795+01	f	t	f	f	me@irmak.me	Irmak	Cakmak				892222286											f	t	t	\N	Ireland (+353)	\N	t	in_parkyeri_3	
23	pbkdf2_sha256$320000$A2LhSZf17Mb4yrA80aECod$FMnuaMq8EZMvTyS3OoHbelFHazFEJ83/AyGKDj3Inik=	2023-12-12 13:48:16.741021+01	2023-12-12 13:48:17.245925+01	f	t	f	f	iatisamnawaz35@gmail.com	Iatisam	Nawaz				03475718090											f	f	f	\N	Pakistan (+92)	\N	f		
31	pbkdf2_sha256$320000$GovuG4QD7LnydIzLAeHKNL$nWDnwJwmPU/F9BykBWf1RYd1iCRkTVSYXUhTOmJdru4=	2023-12-14 05:43:11.579013+01	2023-12-14 05:43:12.161761+01	f	t	f	f	gg866257@gmail.com	Dhanush	R				9036630222											f	f	f	\N	India (+91)	\N	f	tg_mahsa_2	
39	pbkdf2_sha256$320000$hGvNV4HAljoBCojbGFYts3$ImCur+y/6/y3gRDiyHu49LA0YqFjlCnn+LUjQ8T6ZA8=	2023-12-16 23:41:49.016807+01	2023-12-16 23:43:46.85541+01	f	t	f	f	rom.kiriy@gmail.com	Roman	KYRII				967637667											f	t	f	852917	Ukraine (+380)	2023-12-16 23:43:46.855142+01	t	mail_parkyeri_2	
7	pbkdf2_sha256$320000$aZcuiHLVUYBQivtHWVvWzl$LjaJyGZQcNHvCrrUXwNCt1ZimeMqOQ3dpHa6/0TDh9M=	2023-12-04 13:19:29.798007+01	2023-12-04 13:19:30.255969+01	f	t	f	f	ibrahim.sadudin@g.com	Ibrahim	Sadudin				5446896362											f	f	f	\N	Algeria (+213)	\N	f		
24	pbkdf2_sha256$320000$XPUzWAAHGIreHTXCF9ZmEA$J/Cqhd6K4VxjPPQGVAO0/h+/iryQBE+da9oaOXlyxfM=	2023-12-12 18:16:32.444087+01	2023-12-12 22:27:15.525993+01	f	t	f	f	katia.bitam@gmail.com	Katia Rania	Bitam				540720667											f	t	t	194632	Algeria (+213)	2023-12-12 22:26:25.213188+01	t	in_parkyeri_3	
29	pbkdf2_sha256$320000$Xg2mSlS2d6LkPyDg6U8oQy$iwtdVZ/MgzpQz0hX4/TmaxhhGfq9gN0JzqC0YRnrcos=	2023-12-13 15:42:07.709167+01	2023-12-13 15:42:16.993309+01	f	t	f	f	rabtezohra@gmail.com	zohra	rabet				0698222372											f	f	f	\N	Algeria (+213)	\N	t		
35	pbkdf2_sha256$320000$p0XUDGaUXQXusAuhcfhVmy$6yWvEQF7kE5IB/94K59yuQwNSHH/Ps3SxsfI47eG1CM=	2023-12-15 12:07:55.087311+01	2023-12-15 12:08:28.338455+01	f	t	f	f	yumitdemir@outlook.com	Yumit	Demir				877300525											f	t	f	\N	Bulgaria (+359)	\N	t		
38	pbkdf2_sha256$320000$3QkyPYglxICfzeX0M0M4A5$asfuOxZ2VXsLYozJpGojTPqBuwVBnvyuhD/a2CLigmc=	2023-12-16 22:10:01.088735+01	2023-12-16 22:10:01.657625+01	f	t	f	f	nftflaneur@gmail.com	Alex	Star				5195689681											f	f	f	\N	Canada (+1)	\N	f		
42	pbkdf2_sha256$320000$N7N2OaBoD49TgdrqFn9a5S$e2JibNs4KUFbUt5EUu+6w/1St4CdNCFuQPeLLmGDCY4=	2023-12-17 13:28:01.269499+01	2023-12-17 14:35:33.268564+01	f	t	f	f	haskiandr17@gmail.com	ANDRE	HaskadayVilday				9024231430											f	t	t	236710	Russia (+7)	2023-12-17 13:33:07.77242+01	t	mail_parkyeri_1	
41	pbkdf2_sha256$320000$pRyorE3ivG9P47zPG0zjDR$qfPmkYV098YCFxlc6c2YFq5jgLXGp3nqqlklvaQiQao=	2023-12-17 09:43:42.579318+01	2023-12-17 15:01:59.884204+01	f	t	f	f	tayfen@gmail.com	Vitalii	Kapranov				749342705											f	t	t	572736	France (+33)	2023-12-17 09:46:21.088727+01	t	tg_mahsa_3	P2Nipuq58312-ujo!
40	pbkdf2_sha256$320000$Gpe5uduBllq7QBgb5fQUDT$KVyMHji2/NowMxvbtOTNedVGcSx9vv19TaQNr6cueg0=	2023-12-17 05:03:29.43759+01	2023-12-17 05:06:36.45119+01	f	t	f	f	pinkalpatel2615@gmail.com	Pinkal	Patel				8320319377											f	t	t	386656	India (+91)	2023-12-17 05:05:36.9858+01	f	tg_mahsa_3	
44	pbkdf2_sha256$320000$sZvVJ0ho6CG9Nv2UGW2IFO$tgBipKDqNC70NOadp08a2PTCp1K8dGnjK/wkKygqnDo=	2023-12-18 05:10:03.768664+01	2023-12-18 05:10:08.802312+01	f	t	f	f	nehasweetie.ng@gmail.com	Neha	Gulabani				98660944											f	f	f	\N	Singapore (+65)	\N	t	wp_iatisam_1	
43	pbkdf2_sha256$320000$79fg0XRJhzeghN3IsGp2Fd$0PHqeA7qzy2K3rK7ZoxI+k5E0P0iXxMyYUzNH9Iwa4E=	2023-12-18 04:20:16.958661+01	2023-12-18 04:23:01.143267+01	f	t	f	f	p_lukash@list.ru	Pavel	Lukash				9281912174											f	t	t	\N	Russia (+7)	\N	t		
47	pbkdf2_sha256$320000$mG0QQ6M4Ma0cvQXd6WBN4H$hFtK/IDB3Px72qq6yYeCeWQlFTDWBVPROg+JzAsDQew=	2023-12-19 07:08:36.29521+01	2023-12-19 07:35:12.224734+01	f	t	f	f	khaplejay00@gmail.com	Jay	Khaple				8329121903											f	t	t	616355	India (+91)	2023-12-19 07:29:44.848252+01	t	mail_parkyeri_1	P2DeVaM778787iXo!
2	pbkdf2_sha256$320000$U148kBV8lAI0PfKBRYqP8w$0ZtsZfEaklFAsG0jUFzi8oNQ0wS+bR4St0aaKWp7+8U=	2023-12-01 20:35:02.409442+01	2023-12-19 13:27:01.930868+01	f	t	f	f	faizanjavair@gmail.com	Faizan	Javair	Islamabad	Pakistan	Musical Composition\r\nPiano Performance\r\nOrchestration\r\nInnovation in Form and Structure\r\nDeafness and Composition\r\nImprovisation\r\nIntegration of Vocal and Instrumental Elements	+92 3072001723	https://github.com/FaizanJavair/TickTrack	The selection of challenges was diverse and intriguing, providing a great platform for innovation and collaboration. The support from mentors and organizers was outstanding, fostering a positive and inclusive atmosphere that encouraged creativity and problem-solving.	My Grandma Told Me About it	DevOps/Kubernetes/AWS	In the realm of musical creation, I, Ludwig van Beethoven, proudly present my latest masterpiece, the "Ode to Joy." This symphony is a jubilant celebration that transcends the boundaries of mere composition, aiming to encapsulate the very essence of joy and triumph.\r\n\r\nIn crafting the "Ode to Joy," I sought to create a musical narrative that reflects the universal pursuit of happiness. The symphony weaves together a tapestry of melodies, harmonies, and orchestral brilliance to convey the sublime ecstasy of shared jubilation. Each note is carefully placed to evoke a sense of triumph and elation, inviting listeners to immerse themselves in the uplifting spirit of the composition.\r\n\r\nThe crowning glory of the symphony lies in its final movement, where a choir joins the orchestral ensemble in a chorus of exaltation. This collaborative effort elevates the composition to new heights, breaking free from the conventions of traditional symphonic expression. The choral elements serve as a powerful and emotive vehicle for the proclamation of joy, reinforcing the symphony's central theme.\r\n\r\nThe "Ode to Joy" is not a static creation; rather, it is a dynamic and living testament to the beauty inherent in the collective human experience. The composition serves as an invitation for listeners to participate in a shared musical journey, transcending temporal and cultural boundaries. It is a call to embrace the boundless possibilities of harmony and fellowship, reminding us that joy is a force capable of uniting hearts across generations.\r\n\r\nAs I stand at the pinnacle of this musical creation, I am acutely aware of the profound impact that the "Ode to Joy" is poised to have on its audience. Beyond the mere arrangement of musical notes, this symphony is a proclamation of the enduring power of joy to inspire and uplift. It is my fervent hope that, through this composition, individuals from diverse walks of life will find a common ground in the shared celebration of existence.\r\n\r\nThe "Ode to Joy" is more than a piece of music; it is a testament to the universality of human emotion and the ability of art to foster a sense of unity. I am humbled by the opportunity to contribute to the rich tapestry of musical history with a composition that, I believe, will stand the test of time. May the "Ode to Joy" resonate with the hearts of all who encounter it, inviting them to join in the collective expression of jubilation and harmony.	https://github.com/FaizanJavair/	William Shakespeare, often hailed as the Bard of Avon, stands as a literary giant whose impact transcends time and borders. His body of work, encompassing 39 plays, 154 sonnets, and numerous poems, has left an indelible mark on literature, theater, and the human psyche. The enduring impact of Shakespeare's creations reverberates through the centuries, influencing not only subsequent generations of writers and artists but also shaping the very fabric of our cultural, linguistic, and intellectual heritage.\r\n\r\nShakespeare's contributions to the English language are immeasurable. The playwright, who lived in the late 16th and early 17th centuries, enriched and expanded the vocabulary of the English tongue. It is estimated that he coined or popularized over 1,700 words, many of which are still in use today. Expressions like "break the ice," "star-crossed lovers," and "all that glitters is not gold" are but a few examples of the linguistic treasures bequeathed by Shakespeare.\r\n\r\nThe numerical impact of Shakespeare's plays is a testament to the breadth and depth of his creative output. With 39 plays to his name, he explored a diverse range of genres, from tragedies like "Hamlet" and "Othello" to comedies like "Twelfth Night" and "Much Ado About Nothing." The sheer volume of his dramatic works places him among the most prolific playwrights in history. Each play, a microcosm of human experience, delves into the complexities of love, power, ambition, and the human condition.\r\n\r\nBeyond the sheer number of works, the enduring popularity of Shakespeare's plays is evident in the countless performances staged worldwide. The Royal Shakespeare Company, founded in 1961, has staged numerous productions, solidifying Shakespeare's plays as staples of the theatrical canon. The global reach of his works is further exemplified by the fact that his plays have been translated into every major living language, making Shakespeare accessible to diverse audiences across the globe.\r\n\r\nShakespeare's influence extends beyond the confines of the theater. His impact on literature is immeasurable, with writers across centuries drawing inspiration from his themes, characters, and narrative techniques. Countless novels, poems, and essays pay homage to the Bard, showcasing the universality of his insights into the human experience. The numerical representation of this influence is challenging to quantify, as it permeates the very fabric of literary expression.\r\n\r\nThe adaptation of Shakespearean works into various media further underscores his enduring relevance. Numerous films, television series, and even graphic novels have reimagined and reinterpreted the timeless tales crafted by Shakespeare. From the classic adaptations of "Romeo and Juliet" to modern retellings like "Ten Things I Hate About You," the numerical impact of Shakespeare on the cinematic landscape is immeasurable.\r\n\r\nThe academic sphere is another realm where the impact of Shakespeare's work is quantifiable. Countless scholarly articles, dissertations, and books have been dedicated to the analysis and interpretation of his plays. The Bard's influence on literary theory, cultural studies, and the humanities at large is reflected in the sheer volume of academic discourse surrounding his works.\r\n\r\nThe numerical legacy of Shakespeare is not confined to the written word. His influence extends to the visual arts, with paintings, illustrations, and sculptures inspired by his characters and themes. The enduring popularity of Shakespearean quotes in everyday discourse further illustrates the pervasive impact of his words on popular culture.\r\n\r\nThe numerical impact of Shakespeare also extends to the realm of education. His plays are integral components of literature curricula worldwide, introducing generations of students to the richness and complexity of Shakespearean drama. The number of students who have engaged with and been shaped by his works is incalculable, contributing to the perpetuation of his legacy across generations.\r\n\r\nIn conclusion, the enduring impact of Shakespeare's work is both qualitative and quantitative. The numerical representation of his influence spans the realms of language, literature, theater, film, academia, and education. With 39 plays, 154 sonnets, and a linguistic legacy encompassing over 1,700 words, Shakespeare's numerical impact is a testament to the breadth and depth of his contributions to the cultural tapestry of humanity. As we continue to traverse the corridors of time, the numerical legacy of Shakespeare remains an ever-present reminder of the enduring power of art to transcend the boundaries of time and space.	In the realm of timeless tales, few stories have captured the hearts of audiences across centuries as profoundly as William Shakespeare's "Romeo and Juliet." This iconic play, written in the late 16th century (1597-1599), tells the tale of two young lovers whose passion defies the constraints of a society marked by longstanding feuds. Romeo Montague and Juliet Capulet, names etched into literary history, transcend their roles as mere characters to embody the eternal essence of love, tragedy, and the human spirit.\r\n\r\nShakespeare, with his unparalleled mastery of language, spins a narrative that resonates across cultures and epochs. Even in the 21st century, the story of Romeo and Juliet continues to captivate and inspire, proving the enduring power of love and the consequences of societal discord. As we delve into this timeless tragedy, it's essential to explore the thematic layers that contribute to its universal appeal.\r\n\r\nAt its core, "Romeo and Juliet" is a celebration of youthful passion and the intoxicating nature of love. The protagonists, barely beyond the threshold of adolescence, experience a love so intense that it borders on the ethereal. Shakespeare, with his poetic prowess, captures the essence of infatuation, articulating the highs and lows of an all-encompassing love that defies reason and societal norms.\r\n\r\nThe play also serves as a commentary on the destructive consequences of blind hatred and prejudice. The longstanding feud between the Montagues and Capulets becomes a backdrop against which the love story unfolds. In the context of contemporary society, the animosities depicted in "Romeo and Juliet" find echoes in the divisions that persist, reminding us that the consequences of unchecked hatred are as tragic today as they were in Shakespeare's time.\r\n\r\nMoreover, the character development in "Romeo and Juliet" invites introspection into the complexities of human nature. Romeo, the impulsive romantic, and Juliet, the courageous yet conflicted young woman, embody the multifaceted aspects of love and individuality. Their characters transcend the boundaries of time, offering a mirror to our own experiences of love, rebellion, and the quest for identity.\r\n\r\nIn examining the relevance of "Romeo and Juliet" in the contemporary context, it is impossible to ignore the socio-cultural shifts that have taken place since its creation. The concept of arranged marriages, a prominent theme in the play, is now viewed through a different lens. While the societal pressure to conform to familial expectations persists, the freedom to choose one's partner has evolved, reflecting the changing dynamics of relationships in the modern world.\r\n\r\nThe play's tragic conclusion, with the untimely demise of the titular characters, prompts reflection on the nature of fate and the consequences of impulsive actions. The role of fate in "Romeo and Juliet" has sparked countless debates, with some attributing the tragedy to cosmic inevitability and others to the characters' choices. This ambiguity allows for a nuanced interpretation that resonates with individuals grappling with the unpredictable nature of life.\r\n\r\nShakespeare's masterful use of language and symbolism adds layers of meaning to "Romeo and Juliet." The recurring motif of light and darkness, symbolizing the duality of love and conflict, underscores the play's thematic richness. The famous balcony scene, where Romeo professes his love to Juliet under the moonlight, has become an enduring emblem of romantic expression, transcending the boundaries of literature to influence art, film, and popular culture.\r\n\r\nIn conclusion, "Romeo and Juliet," written between 1597 and 1599, stands as a testament to the enduring power of Shakespeare's storytelling and the universal themes embedded in his works. The exploration of love, tragedy, and societal discord continues to resonate with audiences worldwide, inviting reflection on the human condition. As we navigate the complexities of our contemporary world, the timeless allure of "Romeo and Juliet" serves as a poignant reminder that, despite the passage of centuries, the essence of love and the consequences of strife remain constant threads in the fabric of the human experience.	https://github.com/FaizanJavair	No	t	t	t	181050	Pakistan (+92)	2023-12-05 10:25:02.918604+01	t		P2ri2om59531tuNi!
48	pbkdf2_sha256$320000$yesrzCoeMIfeWzFqLHyuzF$ewAAZ1riqVoIE4wPPjXFuq2fGRJ7mLsoh4H92SvOk+k=	2023-12-19 17:02:41.264499+01	2023-12-19 17:04:57.697694+01	f	t	f	f	swenchan96@gmail.com	swen	chan				13689512851											f	t	t	\N	China (+86)	\N	t	wp_iatisam_1	
50	pbkdf2_sha256$320000$oEEejrfOvAyoHPwk4xvtMe$jLVqD80gMqoTHf9Z1RW6r/7qi2UfOuGR+M5Pq+dpcy0=	2023-12-20 10:22:01.95842+01	2023-12-20 10:26:10.911004+01	f	t	f	f	saikumars1104@gmail.com	saikumar	s				9908391241											f	t	t	276424	India (+91)	2023-12-20 10:25:48.072853+01	t		
1	pbkdf2_sha256$320000$RKdedHHaOIkEaTe3zN8wrE$yewC6UO7WdQlPJV2Dk7kJ3d37rNlqSDfY1I6NS20TsY=	2023-12-01 20:32:40.702433+01	2023-12-27 14:15:23.843526+01	t	t	t	t	admin@gmail.com																	f	f	f	\N		\N	f		
3	pbkdf2_sha256$320000$7XB9W3WC6r99AIdfniFXuQ$BmZ4vp4AkLEzIR7Z+uYqC/y5fGir9jHwqF7/HvoFjfg=	2023-12-01 20:37:30.565402+01	2023-12-26 12:18:29.053638+01	f	t	f	f	giray@pultar.org	Giray	Pultar				5333589532											f	t	t	671605	Turkey (+90)	2023-12-01 20:45:13.690392+01	t		P21aKi3722845iPi!
49	pbkdf2_sha256$320000$rGWajZzFSLlvIgho5h94Al$J/Vgv7/w2lV2mYwKRHdVzaTUTeMHYpouBqCAat2KiAk=	2023-12-20 08:14:19.05038+01	2023-12-23 18:12:02.157477+01	f	t	f	f	aminkarvizi1384@gmail.com	MohammadAmin	Karvizi				09913329246											f	t	t	647897	Iran (+98)	2023-12-20 08:17:18.025191+01	t		
55	pbkdf2_sha256$320000$SfhswW4UzSo8WEVHhafG2Y$xEWRt9mgcEIVaIH/xDGnMCKXdtKEEGFqtnAsovwkvlY=	2023-12-21 21:33:28.058769+01	2023-12-21 21:33:43.483976+01	f	t	f	f	firdawsanzar@gmail.com	Ferdaws	Anzer				905338859											f	f	f	\N	Cyprus North (+90392)	\N	t	ig_mahsa_02	
51	pbkdf2_sha256$320000$zLCEj6HUr7Ybu9DPPr6g6k$3WCtXR4U9nMzj80fqnUhjUwGGGrFVlRW7z5HbLtk2QU=	2023-12-20 13:34:41.131326+01	2023-12-20 13:35:33.378235+01	f	t	f	f	guriasoumi29@gmail.com	Soumi	Guria				7003544527											f	f	t	506099	India (+91)	2023-12-20 13:35:17.569582+01	t		
56	pbkdf2_sha256$320000$oEMnDhAy18Keszbofr6U10$oB1CB5l1wyhsvYzaA4S6md1oACSSH2BidzW+JgYEY4A=	2023-12-22 01:24:14.75605+01	2023-12-22 01:24:19.068811+01	f	t	f	f	malekkhodary@hotmail.com	MohamadMalek	Alkhodary				5313421774											f	f	f	\N	Turkey (+90)	\N	t	ig_mahsa_02	
52	pbkdf2_sha256$320000$dQs1mJmmLr34PZ61lNRgAV$ducau5BdKWlntmsurT0Wdnh+QxPkvsDT54tDqoIEGo4=	2023-12-20 14:12:53.895979+01	2023-12-20 14:15:21.272208+01	f	t	f	f	arefsaran@gmail.com	Aref	Saran				9305037134											f	t	t	540943	Iran (+98)	2023-12-20 14:15:10.133936+01	t		
53	pbkdf2_sha256$320000$ICTHBm5K19C4nZbRkjNOdg$aBUlOVRS18IjskaE0rjJLIpNFydmytT0I5LWz2+loqk=	2023-12-21 13:56:44.68682+01	2023-12-21 13:56:51.247498+01	f	t	f	f	3ezasyam@gmail.com	Izzah	Syam				859105911119											f	f	f	\N	Indonesia (+62)	\N	t	ig_mahsa_02	
54	pbkdf2_sha256$320000$a2nTEa9fwyb8VXtBEaBkS0$Fn2XjKb2qfTh8THQ+ZmQlvPd6QtDlROftsmtHFvzqs4=	2023-12-21 14:17:27.458282+01	2023-12-21 14:17:49.844782+01	f	t	f	f	mblogstir@gmail.com	Massa	Baaj				5411959182											f	f	f	\N	Turkey (+90)	\N	f	ig_mahsa_02	
57	pbkdf2_sha256$320000$2guPL9gIg3IXl2cmNUZTUT$5ZFLf4fBBI6ZoF521p1jkizw2D0z+cTTJrN/3wzeyks=	2023-12-22 07:12:47.810554+01	2023-12-22 07:24:27.190704+01	f	t	f	f	miftahul97@gmail.com	Miftahul	Arifin	Madiun	Indonesia	Blockchain, Cosmos Ecosystem, Golang	+62 81286203011	https://github.com/UptickNetwork/uptick/pull/19	I think we can have a theme for projects that we work on together	Dora hacks	Cryptographic, AI	Fix error panic runtime error when executing Authz Msg Delegate	https://github.com/arifintahu	Fixing error panic that potentially can break some states	Background: I got a panic error when trying to execute Msg Authz Exec with Msg Delegate. I am a little bit confused because there's not enough information what was happened. Then, I reproducef through command using Authz exec MsgSend. I got the problem, it was because of missing codec on ante handler options.\r\nIssue: https://github.com/UptickNetwork/uptick/issues/18	https://github.com/UptickNetwork/uptick	No	t	t	t	326311	Indonesia (+62)	2023-12-22 07:15:02.994588+01	t		
61	pbkdf2_sha256$320000$7aknPS49WLxnlZzTPK2l3s$Y8E3pGfN4s9RfZ0Su2SqSOT8TOlKkrHz7ZaGoLGAKdk=	2023-12-23 13:13:12.345064+01	2023-12-23 13:20:07.848101+01	f	t	f	f	ashwinipal@tantragya.in	Ashwinikumar	Pal				9919169021											f	t	t	321896	India (+91)	2023-12-23 13:17:23.939192+01	t		P21eMeM670758ego!
46	pbkdf2_sha256$320000$IXSkeUkEhoGOavrfqS20b2$eH6SjSBPjYk8A+CAYpDhceoR6X4xS+X0p5uTEQ35EI4=	2023-12-18 16:37:16.534513+01	2023-12-24 14:02:38.836814+01	f	t	f	f	agarwalshivam116@gmail.com	Shivam	Agarwal				8537003806											f	t	t	823235	India (+91)	2023-12-18 16:40:26.067864+01	t		
59	pbkdf2_sha256$320000$YWWhbWlZoXIMfadIZ723dB$OOh6oaEwTxwgUL2eFVf5Y8lT5aqRlhHlFXEB8znmpOE=	2023-12-22 16:23:32.1588+01	2023-12-22 16:23:45.436461+01	f	t	f	f	mishrasujit409@gmail.com	sujit	mishra				8263954372											f	f	f	\N	India (+91)	\N	f		
65	pbkdf2_sha256$320000$nylmNr8ahbb1J7vUaEwpks$d4hEAadZGsmGQcIGaRvMCGYXcVP6X/Fy3Suk9f60ez4=	2023-12-25 10:01:35.64142+01	2023-12-25 10:01:36.375619+01	f	t	f	f	mahsa.rache@gmail.com	Mahsa	Razavi				9352368554											f	f	f	\N	Iran (+98)	\N	f		
58	pbkdf2_sha256$320000$vqhQHZp6fooWQQl08LAMij$x/59UcHpOy5WNCf3yKJ0mzII3tcBovew6cDCqERUNd8=	2023-12-22 11:58:22.998578+01	2023-12-24 12:21:24.342949+01	f	t	f	f	saadabban76@gmail.com	Mohammed	Saad	Bangalore	India	Frontend	+91 8296266926	https://github.com/Lityer-Inc/lyter-ecommerce-frontend/commit/87b5ca66dc3c2bb213854f42b39b8e252bb27785		Dora Hacks	Web3, Blockchain, AWS, Devops, Frontend, Backend, Low Latency System and many more :)	I worked on the core frontend of the project, cart functionality to be specific.	https://github.com/saadabban76	the user can save their products and checkout the products with just one click .	I used contextApi in react for the state management for smooth working of cart, user details functionality and also improved the UI of cart.	https://github.com/Lityer-Inc/lyter-ecommerce-frontend		t	t	t	763575	India (+91)	2023-12-24 12:06:08.140189+01	t		
60	pbkdf2_sha256$320000$H4LE0tRNzqqxfXj0NLKGQf$1dxnnE+OsAQmGNi2iDbTKExDmv6UFH5lFJJlAU1umrs=	2023-12-22 22:50:16.686736+01	2023-12-22 22:53:06.213368+01	f	t	f	f	sb.chougule01@gmail.com	Snehal	Chougule				9595335005											f	f	f	\N	India (+91)	\N	t		
63	pbkdf2_sha256$320000$KpnC6HVeWyx2qrpJCD8MSL$EelMqq33Dp586Y1W0kmWIWjwoIf2uvb29a1aLCv+uXc=	2023-12-24 18:02:29.388829+01	2023-12-24 18:16:33.563004+01	f	t	f	f	ngogeblannon10@gmail.com	Blannon	Michael				0712992489											f	t	f	\N	Kenya (+254)	\N	t	ig_mahsa_02	
64	pbkdf2_sha256$320000$lOtsGfiHSaHRNPQ3gSYV1N$D+tT3qMCMTYRc+nelfDtxxhnyrrS0GfyBodZOZYS+G0=	2023-12-25 09:40:29.2302+01	2023-12-25 09:48:43.160411+01	f	t	f	f	niveditavb05@gmail.com	Nivedita	Birajdar	Pune	India	java,mysql,c++,dsa	+91 9145330281	https://github.com/niveditavb05/Algo-Media	nice	telegram	backend,ar/vr	readme file	https://github.com/niveditavb05	effective introduction to projject	added content to readme file	https://github.com/niveditavb05/Algo-Media	no	t	t	t	285774	India (+91)	2023-12-25 09:42:29.306442+01	t		P2Yuhor93373Jeyo!
62	pbkdf2_sha256$320000$NNAYqU452kjbbUU1Rpjdyl$zFPM2qw8iqEGVDayysxU7Cn8zinOWNqxCyGr7bugDOM=	2023-12-24 04:45:59.714963+01	2023-12-24 04:52:34.356806+01	f	t	f	f	tomengo1616@gmail.com	Tomasz	Krawel	Sokka	Poland	..	+48 519117306	@TKeawel	Love	Dorahack	Ucz si	Kiwo	@TKrawel	Jj	U	Osiedle Centrum	Tak	t	t	t	158596	Poland (+48)	2023-12-24 04:48:19.351433+01	t		P2-i9i268996+uxi!
\.


--
-- Data for Name: default_customuser_groups; Type: TABLE DATA; Schema: public; Owner: faizan
--

COPY public.default_customuser_groups (id, customuser_id, group_id) FROM stdin;
1	2	1
2	3	1
5	6	1
6	7	1
11	12	1
22	23	1
23	24	1
24	25	1
28	29	1
30	31	1
31	32	1
33	34	1
34	35	1
35	36	1
36	37	1
37	38	1
38	39	1
39	40	1
40	41	1
41	42	1
42	43	1
43	44	1
44	45	1
45	46	1
46	47	1
47	48	1
48	49	1
49	50	1
50	51	1
51	52	1
52	53	1
53	54	1
54	55	1
55	56	1
56	57	1
57	58	1
58	59	1
59	60	1
60	61	1
61	62	1
62	63	1
63	64	1
64	65	1
\.


--
-- Data for Name: default_customuser_user_permissions; Type: TABLE DATA; Schema: public; Owner: faizan
--

COPY public.default_customuser_user_permissions (id, customuser_id, permission_id) FROM stdin;
\.


--
-- Data for Name: default_event; Type: TABLE DATA; Schema: public; Owner: faizan
--

COPY public.default_event (id, title, description, start_time, end_time, date) FROM stdin;
\.


--
-- Data for Name: default_incomingphoneno; Type: TABLE DATA; Schema: public; Owner: faizan
--

COPY public.default_incomingphoneno (id, "From", "FromCity", "FromCountry", "Caller", "CallerCity", "CallerCountry", "time") FROM stdin;
1	+905333775112		TR	+905333775112		TR	2023-12-01 20:33:04.452266+01
2	+905333775112		TR	+905333775112		TR	2023-12-01 20:33:04.405632+01
3	+905333775112		TR	+905333775112		TR	2023-12-01 20:33:04.405632+01
4	+905333775112		TR	+905333775112		TR	2023-12-01 20:33:04.405632+01
5	+905333775112		TR	+905333775112		TR	2023-12-01 20:33:04.452266+01
6	+905333775112		TR	+905333775112		TR	2023-12-01 20:33:04.452266+01
7	+353892222286		IE	+353892222286		IE	2023-12-12 22:00:58.679225+01
8	+353892222286		IE	+353892222286		IE	2023-12-12 22:01:27.761086+01
9	+213540720667		DZ	+213540720667		DZ	2023-12-12 22:25:57.815768+01
10	+14692317922	GRAND PRAIRIE	US	+14692317922	GRAND PRAIRIE	US	2023-12-14 13:27:53.221953+01
11	+14692317922	GRAND PRAIRIE	US	+14692317922	GRAND PRAIRIE	US	2023-12-14 13:27:54.63298+01
12	+966544008657		SA	+966544008657		SA	2023-12-15 20:58:32.826716+01
13	+32470867458		BE	+32470867458		BE	2023-12-15 21:06:25.225218+01
14	+79281912174		RU	+79281912174		RU	2023-12-18 04:22:54.976289+01
15	+8613689512851		CN	+8613689512851		CN	2023-12-19 17:04:44.609733+01
16	+8613689512851		CN	+8613689512851		CN	2023-12-19 17:04:52.288082+01
\.


--
-- Data for Name: default_otpcode; Type: TABLE DATA; Schema: public; Owner: faizan
--

COPY public.default_otpcode (id, otpcode) FROM stdin;
\.


--
-- Data for Name: default_referer; Type: TABLE DATA; Schema: public; Owner: faizan
--

COPY public.default_referer (id, referer, click_source) FROM stdin;
4	\N	
9	\N	
10	\N	
11	\N	
12	\N	
13	\N	
14	\N	
15	\N	
16	\N	
17	\N	
18	\N	
19	\N	
20	\N	
21	\N	
22	\N	
23	\N	
24	\N	
25	\N	
26	\N	
27	\N	
28	\N	
29	\N	
30	\N	
31	\N	
32	\N	
33	\N	
34	\N	
35	\N	
36	\N	
37	\N	
38	\N	
39	\N	
40	\N	
41	\N	
42	\N	
43	\N	
44	\N	
45	\N	
46	\N	
47	\N	
48	\N	
49	\N	
50	\N	
53	\N	
60	\N	
62	\N	
63	\N	
64	\N	
65	\N	
66	\N	
68	\N	
69	\N	
70	\N	
71	\N	
72	\N	
73	\N	
74	\N	
75	\N	
76	\N	
77	\N	
78	\N	
80	\N	
84	\N	
86	\N	
87	\N	
88	\N	
89	\N	
90	\N	
91	\N	
92	\N	
94	\N	
97	\N	
100	\N	
103	\N	
104	\N	
105	\N	
110	\N	
112	\N	
114	\N	
115	\N	
117	\N	
119	\N	
120	\N	
121	\N	
123	\N	
124	\N	
125	\N	
126	\N	
127	\N	
130	\N	
131	\N	
132	\N	
133	\N	
134	\N	
135	\N	
136	\N	
137	\N	
138	\N	
139	\N	
140	\N	
141	\N	
142	\N	
143	\N	
144	\N	
145	\N	
146	\N	
147	\N	
148	\N	
149	\N	
150	\N	
151	\N	
152	\N	
153	\N	
154	\N	
155	\N	
156	\N	
157	\N	
158	\N	
159	\N	
160	\N	
161	\N	
162	\N	
163	\N	
164	\N	
165	\N	
166	\N	
167	\N	
168	\N	
169	\N	
170	\N	
171	\N	
172	\N	
173	\N	
174	\N	
175	\N	
176	\N	
177	\N	
178	\N	
179	\N	
180	\N	
181	\N	
182	\N	
183	\N	
184	\N	
185	\N	
186	\N	
187	\N	
188	\N	
189	\N	
190	\N	
191	\N	
192	\N	
194	https://www.linkedin.com/	
195	\N	
196	\N	
199	\N	
200	\N	
202	\N	\N
203	\N	fb_parkyeri_3
204	\N	fb_parkyeri_3
208	\N	\N
209	\N	\N
210	\N	\N
211	\N	\N
212	\N	\N
219	\N	fb_parkyeri_3
220	\N	\N
221	\N	\N
222	\N	\N
223	\N	\N
224	\N	\N
225	\N	\N
226	\N	\N
227	\N	\N
228	\N	fb_parkyeri_3
229	\N	\N
230	\N	mail_parkyeri_1
231	\N	mail_parkyeri_1
232	\N	mail_parkyeri_1
233	\N	mail_parkyeri_1
234	\N	mail_parkyeri_1
235	\N	mail_parkyeri_1
236	\N	\N
237	\N	\N
238	\N	\N
239	\N	mail_parkyeri_1
240	\N	in_parkyeri_3
241	https://www.linkedin.com/	\N
242	\N	tg_mahsa_1
243	\N	tg_mahsa_2
244	\N	tg_mahsa_3
245	\N	tg_mahsa_1
246	\N	tg_mahsa_2
247	\N	tg_mahsa_3
248	\N	tg_mahsa_2
249	\N	tg_mahsa_3
250	\N	tg_mahsa_1
251	\N	tg_mahsa_1
252	\N	tg_mahsa_3
253	\N	tg_mahsa_2
254	\N	tg_mahsa_1
255	\N	tg_mahsa_2
256	\N	tg_mahsa_2
257	\N	tg_mahsa_2
258	\N	tg_mahsa_1
259	\N	tg_mahsa_2
260	\N	tg_mahsa_2
261	\N	tg_mahsa_2
262	\N	tg_mahsa_2
263	\N	tg_mahsa_2
264	\N	tg_mahsa_2
265	\N	tg_mahsa_2
266	\N	tg_mahsa_2
267	\N	tg_mahsa_2
268	\N	tg_mahsa_2
269	\N	tg_mahsa_2
270	\N	tg_mahsa_2
271	\N	tg_mahsa_2
272	\N	tg_mahsa_2
273	\N	tg_mahsa_1
274	\N	tg_mahsa_1
275	\N	tg_mahsa_1
276	\N	tg_mahsa_2
277	\N	tg_mahsa_2
278	https://www.linkedin.com/	\N
279	\N	\N
280	\N	\N
281	http://challenge.parkyeri.com	\N
282	http://challenge.parkyeri.com	\N
283	https://www.reddit.com/	\N
284	https://www.reddit.com/	\N
285	\N	tg_ibrahim_1
286	\N	tg_ibrahim_1
287	\N	tg_ibrahim_1
288	http://challenge.parkyeri.com/	\N
289	\N	tg_ibrahim_1
290	\N	tg_mahsa_2
291	\N	tg_mahsa_3
292	\N	kg_nadzya_1
293	\N	kg_nadzya_1
294	\N	\N
295	\N	kg_nadzya_1
296	\N	kg_nadzya_1
297	\N	wp_ibrahim_1
298	\N	wp_ibrahim_1
299	\N	\N
300	\N	in_parkyeri_3
301	\N	kg_nadzya_1
302	http://challenge.parkyeri.com/	\N
303	\N	kg_nadzya_1
304	\N	kg_nadzya_1
305	\N	wp_ibrahim_1
306	\N	mail_parkyeri_1
307	\N	wp_ibrahim_1
308	https://old.reddit.com/r/bigdata/comments/18i6rm5/christmas_coding_challenge_hackathon/	\N
309	\N	\N
310	http://www.google.com	\N
311	\N	kg_nadzya_1
312	\N	wp_ibrahim_1
313	\N	wp_ibrahim_1
314	\N	tg_mahsa_3
315	\N	tg_ibrahim_1
316	http://challenge.parkyeri.com/	\N
317	https://www.google.com/	\N
318	https://www.reddit.com/r/bigdata/comments/18i6rm5/christmas_coding_challenge_hackathon/	\N
319	\N	tg_mahsa_2
320	\N	tg_mahsa_2
321	\N	\N
322	\N	mail_parkyeri_1
323	\N	mail_parkyeri_1
324	\N	mail_parkyeri_1
325	\N	mail_parkyeri_1
326	\N	mail_parkyeri_1
327	\N	mail_parkyeri_1
328	\N	mail_parkyeri_1
329	\N	mail_parkyeri_1
330	\N	mail_parkyeri_1
331	\N	mail_parkyeri_1
332	\N	mail_parkyeri_1
333	\N	mail_parkyeri_1
334	\N	mail_parkyeri_1
335	\N	mail_parkyeri_1
336	http://challenge.parkyeri.com/	\N
337	https://www.reddit.com/	\N
338	\N	mail_parkyeri_1
339	\N	mail_parkyeri_1
340	\N	\N
341	\N	mail_parkyeri_2
342	\N	mail_parkyeri_1
343	\N	wp_iatisam_1
344	\N	mail_parkyeri_2
345	\N	mail_parkyeri_2
346	\N	mail_parkyeri_2
347	\N	mail_parkyeri_2
348	\N	mail_parkyeri_1
349	\N	tg_mahsa_2
350	\N	kg_nadzya_1
351	\N	mail_parkyeri_2
352	\N	mail_parkyeri_2
353	\N	mail_parkyeri_2
354	\N	mail_parkyeri_2
355	\N	mail_parkyeri_2
356	\N	mail_parkyeri_2
357	\N	mail_parkyeri_2
358	\N	mail_parkyeri_2
359	\N	mail_parkyeri_2
360	\N	mail_parkyeri_2
361	\N	mail_parkyeri_2
362	\N	mail_parkyeri_2
363	\N	wp_iatisam_1
364	\N	tg_mahsa_3
365	\N	wp_iatisam_1
366	\N	mail_parkyeri_2
367	\N	mail_parkyeri_2
368	\N	mail_parkyeri_2
369	\N	mail_parkyeri_2
370	\N	mail_parkyeri_2
371	\N	mail_parkyeri_2
372	https://www.reddit.com/	\N
373	\N	wp_iatisam_1
374	https://www.reddit.com/	\N
375	\N	wp_iatisam_1
376	\N	mail_parkyeri_2
377	\N	\N
378	\N	wp_iatisam_1
379	\N	\N
380	\N	wp_iatisam_1
381	\N	mail_parkyeri_1
382	\N	kg_nadzya_1
383	\N	wp_iatisam_1
384	https://www.reddit.com/	\N
385	\N	wp_iatisam_1
386	\N	mail_parkyeri_1
387	\N	mail_parkyeri_1
388	\N	wp_iatisam_1
389	https://www.reddit.com/	\N
390	\N	wp_iatisam_1
391	https://www.reddit.com/	\N
392	\N	mail_parkyeri_1
393	\N	mail_parkyeri_1
394	\N	wp_iatisam_1
395	\N	mail_parkyeri_1
396	\N	wp_iatisam_1
397	\N	wp_iatisam_1
398	http://www.google.com	\N
399	\N	wp_iatisam_1
400	\N	mail_parkyeri_2
401	\N	mail_parkyeri_2
402	\N	in_parkyeri_2
403	\N	wp_iatisam_1
404	\N	mail_parkyeri_2
405	\N	wp_iatisam_1
406	\N	mail_parkyeri_2
407	android-app://org.telegram.messenger/	mail_parkyeri_2
408	\N	wp_iatisam_1
409	\N	tg_mahsa_3
410	\N	tg_mahsa_3
411	\N	tg_mahsa_3
412	\N	\N
413	\N	tg_mahsa_4
414	\N	tg_mahsa_4
415	\N	tg_mahsa_4
416	\N	tg_mahsa_4
417	\N	dc_mahsa_3
418	\N	dc_mahsa_3
419	\N	wp_mahsa_01
420	\N	wp_mahsa_01
421	\N	wp_mahsa_01
422	\N	tg_mahsa_4
423	\N	dc_mahsa_3
424	\N	tg_mahsa_4
425	\N	dc_mahsa_3
426	\N	wp_mahsa_01
427	\N	mail_parkyeri_1
428	\N	\N
429	\N	tg_mahsa_3
430	\N	tg_mahsa_3
431	https://in.search.yahoo.com/	\N
432	\N	mail_parkyeri_1
433	\N	\N
434	\N	mail_parkyeri_2
435	\N	\N
436	https://www.google.com/	\N
437	https://www.google.com/	\N
438	\N	tg_mahsa_3
439	\N	tg_mahsa_3
440	\N	tg_mahsa_3
441	\N	tg_mahsa_3
442	\N	tg_mahsa_3
443	\N	tg_mahsa_3
444	\N	tg_mahsa_3
445	\N	tg_mahsa_3
446	\N	tg_mahsa_3
447	\N	tg_mahsa_3
448	\N	tg_mahsa_3
449	\N	tg_mahsa_3
450	\N	tg_mahsa_3
451	\N	tg_mahsa_3
452	\N	tg_mahsa_3
453	\N	tg_mahsa_3
454	\N	tg_mahsa_3
455	\N	tg_mahsa_3
456	\N	tg_mahsa_3
457	\N	tg_mahsa_3
458	\N	tg_mahsa_3
459	\N	tg_mahsa_3
460	\N	tg_mahsa_3
461	\N	tg_mahsa_3
462	\N	tg_mahsa_3
463	\N	tg_mahsa_3
464	\N	tg_mahsa_3
465	\N	tg_mahsa_3
466	\N	tg_mahsa_3
467	\N	tg_mahsa_2
468	\N	tg_mahsa_3
469	\N	tg_mahsa_3
470	\N	fb_parkyeri_3
471	\N	wp_mahsa_01
472	\N	fb_parkyeri_3
473	https://www.reddit.com/	\N
474	\N	mail_parkyeri_1
475	http://35.180.126.178:80/	\N
476	\N	in_parkyeri_3
477	\N	mail_parkyeri_1
478	\N	mail_parkyeri_1
479	\N	mail_parkyeri_1
480	\N	\N
481	https://l.instagram.com/	\N
482	https://l.instagram.com/	\N
483	https://l.instagram.com/	\N
484	\N	wp_mahsa_01
485	https://l.instagram.com/	\N
486	https://l.instagram.com/	\N
487	https://www.google.com/	\N
488	https://l.instagram.com/	\N
489	https://www.reddit.com/	\N
490	\N	\N
491	\N	wp_iatisam_1
492	\N	\N
493	https://www.reddit.com/	\N
494	\N	mail_parkyeri_1
495	\N	wp_mahsa_01
496	https://l.instagram.com/	\N
497	https://l.instagram.com/	\N
498	https://l.instagram.com/	\N
499	https://l.instagram.com/	\N
500	https://l.instagram.com/	\N
501	http://challenge.parkyeri.com	\N
502	\N	ig_mahsa_01
503	\N	ig_mahsa_01
504	\N	ig_mahsa_02
505	\N	ig_mahsa_02
506	\N	ig_mahsa_03
507	\N	ig_mahsa_03
508	\N	ig_mahsa_04
509	\N	ig_mahsa_04
510	\N	ig_mahsa_05
511	\N	ig_mahsa_05
512	\N	ig_mahsa_01
513	\N	ig_mahsa_02
514	\N	ig_mahsa_04
515	\N	ig_mahsa_05
516	\N	ig_mahsa_03
517	\N	ig_mahsa_01
518	\N	ig_mahsa_03
519	\N	ig_mahsa_05
520	\N	ig_mahsa_04
521	\N	ig_mahsa_02
522	\N	\N
523	\N	\N
524	\N	\N
525	\N	tg_mahsa_3
526	https://www.reddit.com/	\N
527	\N	\N
528	https://www.reddit.com/	\N
529	android-app://com.google.android.gm/	\N
530	https://www.reddit.com/	\N
531	http://challenge.parkyeri.com	\N
532	https://www.reddit.com/	\N
533	\N	tg_mahsa_4
534	\N	tg_mahsa_4
535	\N	tg_mahsa_4
536	\N	tg_mahsa_4
537	\N	in_parkyeri_3
538	\N	tg_mahsa_4
539	\N	in_parkyeri_3
540	\N	tg_mahsa_4
541	\N	tg_mahsa_4
542	\N	tg_mahsa_4
543	\N	tg_mahsa_4
544	\N	tg_mahsa_4
545	\N	mail_parkyeri_1
546	\N	tg_mahsa_4
547	\N	mail_parkyeri_1
548	\N	\N
549	\N	tg_mahsa_4
550	https://www.hackathon.com/	\N
551	\N	tg_mahsa_4
552	https://www.reddit.com/	\N
553	https://www.reddit.com/	\N
554	https://www.hackathon.com/	\N
555	https://www.hackathon.com/	\N
556	\N	mail_parkyeri_3
557	\N	mail_parkyeri_3
558	\N	mail_parkyeri_3
559	\N	tg_mahsa_4
560	\N	mail_parkyeri_3
561	\N	mail_parkyeri_3
562	\N	mail_parkyeri_3
563	\N	mail_parkyeri_3
564	\N	mail_parkyeri_3
565	\N	mail_parkyeri_3
566	\N	mail_parkyeri_3
567	\N	mail_parkyeri_3
568	\N	mail_parkyeri_3
569	\N	mail_parkyeri_3
570	http://www.google.com/search?q=cutt.ly&ie=utf-8	mail_parkyeri_3
571	\N	mail_parkyeri_4
572	\N	mail_parkyeri_4
573	\N	mail_parkyeri_4
574	\N	mail_parkyeri_4
575	\N	mail_parkyeri_4
576	\N	mail_parkyeri_4
577	\N	mail_parkyeri_4
578	\N	mail_parkyeri_4
579	\N	mail_parkyeri_4
580	\N	mail_parkyeri_4
581	\N	mail_parkyeri_4
582	\N	mail_parkyeri_4
583	\N	mail_parkyeri_4
584	\N	mail_parkyeri_4
585	\N	mail_parkyeri_4
586	\N	mail_parkyeri_4
587	\N	mail_parkyeri_4
588	\N	mail_parkyeri_4
589	\N	mail_parkyeri_4
590	\N	mail_parkyeri_4
591	\N	mail_parkyeri_4
592	\N	mail_parkyeri_4
593	\N	mail_parkyeri_4
594	\N	mail_parkyeri_4
595	\N	mail_parkyeri_4
596	\N	ig_mahsa_02
597	\N	wp_mahsa_01
598	\N	tg_mahsa_3
599	\N	tg_mahsa_4
600	\N	mail_parkyeri_4
601	\N	mail_parkyeri_4
602	\N	ig_mahsa_03
603	\N	tg_mahsa_3
604	\N	\N
605	\N	\N
606	\N	wp_iatisam_1
607	\N	\N
608	\N	\N
609	https://www.hackathon.com/	\N
610	\N	ig_mahsa_03
611	\N	ig_mahsa_03
612	\N	ig_mahsa_03
613	\N	ig_mahsa_03
614	\N	ig_mahsa_03
615	https://l.instagram.com/	ig_mahsa_03
616	\N	ig_mahsa_03
617	\N	ig_mahsa_03
618	\N	ig_mahsa_03
619	\N	ig_mahsa_03
620	\N	ig_mahsa_02
621	\N	ig_mahsa_02
622	https://www.reddit.com/	\N
623	https://www.reddit.com/	\N
624	\N	tg_mahsa_2
625	https://www.hackathon.com/	\N
626	\N	mail_parkyeri_1
627	https://www.hackathon.com/	\N
628	\N	\N
629	\N	\N
630	\N	ggl_ads
631	\N	ggl_ads
632	\N	ggl_ads
633	\N	ggl_ads
634	\N	ggl_ads
635	\N	ggl_ads
636	\N	ggl_ads
637	\N	ggl_ads
638	\N	ggl_ads
639	\N	ggl_ads
640	\N	ggl_ads
641	\N	ggl_ads
642	\N	ggl_ads
643	\N	ggl_ads
644	\N	ggl_ads
645	\N	\N
646	https://www.hackathon.com/	\N
647	\N	\N
648	\N	wp_iatisam_1
649	https://www.facebook.com/	\N
650	https://www.google.com/	\N
651	\N	r_ad
652	\N	r_ad
653	https://www.facebook.com/	r_ad
654	\N	r_ad
655	\N	r_ad
656	\N	r_ad
657	\N	ig_mahsa_05
658	https://www.hackathon.com/	\N
659	\N	fb_parkyeri_3
660	\N	fb_parkyeri_3
661	\N	fb_parkyeri_3
662	\N	fb_parkyeri_3
663	\N	in_parkyeri_3
664	\N	in_parkyeri_3
665	\N	in_parkyeri_2
666	\N	fb_parkyeri_3
667	\N	fb_parkyeri_3
668	\N	fb_parkyeri_3
669	\N	fb_parkyeri_3
670	\N	fb_parkyeri_3
671	\N	ig_mahsa_05
672	https://www.hackathon.com/	\N
673	\N	in_parkyeri_3
674	\N	ig_mahsa_05
675	\N	in_parkyeri_3
676	\N	ig_mahsa_05
677	\N	ig_mahsa_05
678	\N	ad_linkedin_1
679	\N	ad_linkedin_1
680	\N	ig_mahsa_05
681	\N	ad_linkedin_1
682	\N	ad_linkedin_1
683	https://cutt.ly/iwSVm3Ue	ig_mahsa_05
684	\N	ig_mahsa_02
685	\N	\N
686	https://www.hackathon.com/	\N
687	\N	\N
688	https://www.hackathon.com/	\N
689	https://www.hackathon.com/	\N
690	\N	ig_mahsa_05
691	\N	r_ad
692	\N	r_ad
693	\N	r_ad
694	\N	r_ad
695	\N	r_ad
696	\N	ig_mahsa_05
697	https://www.hackathon.com/	\N
698	\N	mail_parkyeri_4
699	\N	mail_parkyeri_4
700	\N	mail_parkyeri_4
701	https://www.hackathon.com/	\N
702	\N	mail_parkyeri_4
703	\N	ig_mahsa_01
704	\N	\N
705	\N	mail_parkyeri_4
706	https://www.hackathon.com/	\N
707	\N	ig_mahsa_02
708	\N	ig_mahsa_02
709	\N	ig_mahsa_02
710	\N	ig_mahsa_02
711	\N	ig_mahsa_02
712	\N	ig_mahsa_02
713	\N	ig_mahsa_02
714	\N	ig_mahsa_02
715	https://l.instagram.com/	ig_mahsa_02
716	\N	ig_mahsa_02
717	\N	ig_mahsa_02
718	\N	ad_reddit_1
719	\N	ig_mahsa_02
720	\N	ad_reddit_1
721	\N	ad_reddit_1
722	\N	ad_reddit_1
723	\N	ad_reddit_1
724	\N	ig_mahsa_02
725	\N	ig_mahsa_02
726	\N	ad_linkedin_1
727	\N	ad_linkedin_2
728	https://www.google.com/	ad_reddit_1
729	\N	ad_reddit_1
730	\N	ad_linkedin_2
731	\N	ig_mahsa_02
732	https://www.linkedin.com/	ad_linkedin_2
733	https://onyx.www.linkedin.com/	ad_linkedin_2
734	https://www.hackathon.com/	\N
735	\N	tg_mahsa_3
736	\N	ad_linkedin_1
737	\N	in_parkyeri_3
738	\N	ig_mahsa_02
739	\N	mail_parkyeri_4
740	\N	mail_parkyeri_4
741	\N	ig_mahsa_02
742	\N	mail_parkyeri_5
743	\N	ad_reddit_1
744	\N	ad_reddit_1
745	\N	ig_mahsa_02
746	\N	ad_reddit_1
747	http://192.168.10.23/cr?t=1703165774456&za=w0tAR7IxheRIjC_1R34KjWzbNsfJseg4ifTzl3kDHgnFu7p0eplkc-DUKfbBavUzZ5cTNp0yHjnLAa-naKk7W-7Ow3a4fJqRvG708uXSpdhN9zMqcODy70e209XsDjng-_luVkyYjKKHQlConUAHxH9r1asI6d14592TCRXPN76zvLvD-cKJ99cuTb7U18xNFOy7VI4bPhks-OZWbqwuv0uvAUE2f8Dif0KlyJh8FqpdV03rmiTQO5DNlPFDPLREbXg92Lu3KsWdwCJOlym8wfuBvV1h2MXTQf9d5dgKhvddVm370H5UsWmwGctqA94Z23gT5TQxhi2MKh4HiY6_8SUwVsYuYIdJZt-gMg&zp=t0t-7E6kTtSHywLdy3B5mE6lxQsb8osXzXvqrD_bblr49jajo7gcrkE47xsDD8AKIGT7jZD0YdpdyHBJYVK1IrN9A18gEERzGWDdzE4Y5D4e4l9EjGefdl4WBtiaqXkEcO3gibzZMNkxpArW4cQzt7dJaUg5AMzaLNLSQ0WQSdaExwff4mlG_1QLjOdZKQIa	ad_reddit_1
748	\N	mail_parkyeri_5
749	\N	ad_reddit_1
750	\N	mail_parkyeri_6
751	android-app://com.reddit.frontpage/	ad_reddit_1
752	\N	mail_parkyeri_6
753	\N	mail_parkyeri_6
754	\N	mail_parkyeri_6
755	http://192.168.10.23/cr?t=1703166899637&za=tec1hs72SJbNWMPAx4v1iySsts6m144QKWfmk1r64X2Tck5mK2wBM-aCwwBaTQxFrVAoB5Lq1LRSoTNJEYAoyGXv5j4Qc_6ehuMKrOQAefUYhxnITBhhEMaPEa_9Wg1XvIG14tsLL3PBspLHytgpn3S04Ot9jm2gn--skZLTBD8ezDbfKAaBqD--Lmg8Vc2xhme6wQL23-bmgkfRcnhi_KB3Oa_dsWCY6BGb_B6Nb62KqV7viIl-BAq7_u6TamMk7SW2olgBkWBHRlTzjj4uaBmHbNfJQTH2me4XcjMBt5wfIRceACBXEipDvciYBjjraPSWW_zPzc1dDWhvAgFKHQ&zp=rSbFlDSvy7qK2BF7-UnrR97CLfa6UBrIgpA1Z-crliYPwaIWliYkgbXRkoJIre-ZaasnNEARUEC2Ar0rWGeuMtqUQ8dSIVk6OuOfLRIX2C2Gzr9u3zMBhwly643lkcoP8mF_e7ei2_wWux0KutBqylWS6fIG3dA3xNQgSMzux2pQKoB_TaRt1vtV3bYrzQGt	ad_reddit_1
756	\N	ig_mahsa_02
757	\N	\N
758	\N	ig_mahsa_01
759	https://www.google.com/	\N
760	\N	tg_mahsa_3
761	\N	ig_mahsa_02
762	\N	mail_parkyeri_4
763	\N	mail_parkyeri_5
764	\N	ad_reddit_1
765	android-app://com.reddit.frontpage/	ad_reddit_1
766	\N	ad_reddit_1
767	\N	ad_reddit_1
768	\N	ad_reddit_1
769	android-app://com.reddit.frontpage/	ad_reddit_1
770	https://www.hackathon.com/	\N
771	\N	ig_mahsa_02
772	\N	ig_mahsa_02
773	\N	ig_mahsa_02
774	\N	ad_reddit_1
775	\N	ig_mahsa_01
776	\N	mail_parkyeri_4
777	\N	mail_parkyeri_4
778	https://www.hackathon.com/	\N
779	\N	ad_reddit_1
780	https://l.instagram.com/	ig_mahsa_02
781	\N	ig_mahsa_02
782	android-app://com.reddit.frontpage/	ad_reddit_1
783	\N	mail_parkyeri_4
784	https://l.instagram.com/	ig_mahsa_02
785	\N	ggl_ads
786	\N	ig_mahsa_02
787	\N	ad_reddit_1
788	\N	mail_parkyeri_5
789	\N	mail_parkyeri_4
790	\N	mail_parkyeri_4
791	\N	mail_parkyeri_5
792	\N	ig_mahsa_02
793	http://192.168.10.23/cr?t=1703205615965&za=_RBy8supc8ZUT0ovkg9cPZR0x0ToOWvYEXEtRhVYjdNdpPFq5EUP2vd4-19BfMtRuSejS__1TyhGRMG833XBlSwgubkezik6r4ANQp8wNrinqsZGHZ2JJq3YQkCCzinLpI69L-DU7H-vposJH3tKCpI_6YNBcxNwuv4PIzbFRGAnZ004bAM6HncHhpMc-wIB9ouE5BxIIM4IhPzNaymiuhiSNy4AcOSyov1FiA7X-ypU6m-Wq8VJLp2OUtFFdmJmPMAu-295YtwKrzZjhmzp7feSPbk8yWJHxFtJjaj3lkNeF3Fd0FH75wOTR7IrvJnna7mDEACKPGM1VHJ9eBk&zp=BQ-vFQQuFB3TnqkWRtGHwOs17EgpBXZtv1DW7Qq1F_TXhqCOwM07bXD-cwlVSiK8FQH4BjRc5JjJMuLb_ItWNfyfOi8PuQeKQPHk7AqKffPH13PB5nkh4FNi16DDPwFE7nWSeM-tpqhlN2dfVhU6Sp6d-At1ecMUTm4kOc9-aWD_N2zbNvULLIU3BGcQeyX2	ad_reddit_1
794	\N	ad_reddit_1
795	\N	ad_reddit_1
796	\N	ad_reddit_1
797	http://192.168.10.23/cr?t=1703210427719&za=TDdoNzMQR_nngu0jH9S8hOBVuj0nqRCDNt4M4iIjnjt7FBCYyir1SPakL2Xv9Pt5Q36VTHrD3NJmjaiJgTRvkORRy_mW8L09uTGVso4vbUvL0aWiF4uEZaD8acdxaLVMYT2hBvh3E-io6hm1cHvCBF6hiHyXDacsRjlmFVeF_3h0bE6gBYcl-odbp1879r6P4pvhfbP2Dd36g5N9sIBcMOkxDe3wVhxlStPRb4xVEP4a5NOsvaVltogN5Pob1KBmHM3NF-W5ihK1kd2p96dqMf75gs0HQEYpDUBa3s9Rja35Yd4ytnge1m9R583lteKRU1I1d4RrkY-lcrV7sIgdFQ&zp=PRJ3hMDqfLSfnbl7dAZjuhwGGP_pE34Fd1Pd7ly4SyDwa7niiRllEPhZXM0z7qnHdAPionQrVKDiea6Nzt-FMR8LICbw08lZB8F4D5mY9dh_XJhcj74vP3KajBEYm_I34Avk4XR36q1zCe5l5SjGqHzKz0tM7YfVzyS3XId3nRFLgpf7rmfoMKtSXwpqaZto	ad_reddit_1
798	\N	ad_reddit_1
799	\N	ad_reddit_1
800	http://192.168.10.23/cr?t=1703218746940&za=cJvJ48sKfgsqzQYF2cTfsmBDUIyuJh0VxtGTlO3QDWZP0cVUp1iZIY1lh3KYevxE1UWacWWKY9_pdtF0MFrOp0Vqk_NJDDstRdOYbQ0ye0OacKLu0G5OBHMEh8XQl0APMkiDNCsejrBTdjXtjnhDuy99r6gq9IUy6QkzRhStYbNCtz6idot5lGoDN5j8c8IpUxhUtIqi9TyyBOtYmEsAT9KGNtJMjQTVCbSxMQIjzIOz5BPWd8pCMBBiTEa_b3EC9HzmGrNBbqUl7SZgUDXuCDLjAhCH6OhJ_nvdlagsatvO5fsN8p0XQlABQu5sACB52phX1-yQ6SBfKSwcf8Y&zp=mSikmHDSgTRy1kDgNtLKXB6USp-0MM-3K6WguiU8zqfK91UARnETB7-UdPVMhvQsfY9Dbt2W1hWTPzBAIkomFh-r8-wjI_0TWtV-phhtX3e_uFPt85eeYHXpXNha4TN2qKW0tRShNQ-TCZVMZx_iLyIUKKHJRHaRUvOqLCI4OF_DR8XrAJKGf7YORP196tGn	ad_reddit_1
801	http://192.168.10.23/cr?t=1703220539875&za=EzPqmjiT5jp3iEx5rQXVC8_O8FOPQw-Fdn9ujsCOZHE0ZKPeLyHh-A7l1al9-FfU2ulRcFfW5WZLiGk_XPgkkWbbJbJQBsbHCw541R1mkWsoRHFHXJGiQ-st2TbXn8Lw7_I4ujuBukVpwS0NiEHZxAXXidz9JQh7_L3H2kBPqZKIvfhl5zToTjfiUzsr-73CZpWLCJ764_CoBqOGr3wMyP7lWVlLQcDDC4LqSVP36RR1D57DKJY4lCyEUbSw3DrlI5CFHzdKlraE8Xmw_CTTQQ7qCtbhIA0yhMXCWjNauyYklAJI7k5wiorBJf94Sw0Z6UOpWQgtqfNgjijKfCjqMwNHjUAs&zp=SajyqGszrsY2CsD-omN7MI-XNYEv5jvc4WurdFtBb2WGxqQzoOaYowGO2Sg-O4CB1TnsNjBa0trF2W6SxVVqd-dHMpslUeDwA294LtwnPJob8LqtNG9Hf7SwMyvUeV55kCZVlmuljkS5PKHnEn2eVexusHQVfbADtXymkJKNNW8UzqNbn1BmAg7NMsoXy_Zl	ad_reddit_1
802	\N	ad_reddit_1
803	http://192.168.10.23/cr?t=1703222752056&za=u50mSRUp7Ya3Sv93xZrk5bBtGqb0K3s6sjgEkeKQMOLMLdThF8fr0WCIYagB7WE5j4MfbdCgcQ0BB8jxPmWV5S6BmBPXQXmOUDiBFsJC78qPZEJlzc-Zbj49xgXgBXRb3A4w35m_VONv5rmdmstJ3QC1plMkCjr_ki_0o0Q9y-r-HUP8MoKCpuQ0MJ1VR8Gp34O3cMcJM2zbJpdksC4SSVk-QB29YYzODwtd-rZmcSxdYHHN6LKVUEEwKCrCHVelm5mkpickkeg19WdxoR3ygQDjMAzwxvHvyR61wwASOsql3ii8Yc1C0BeRQcSiYewFppCXH3uvvorJajW9hgMoPuKWdkwS&zp=2BrLWBVyinlTfvC0zMygHElz-lzg74sWGokXT1BefSXfe6X8tXKxa2r4qAGfa6qPru_Vc9hckrmqZe7dqYzBB-Wo7bCq-quDNGYKA3CFsWQb7yYyPaPZRhbJh1dZuO4OLjc6gdhj7PTAguIm8V2taa2MITmxfO6i7QwRfk0w89sOaWCAtuIXM9fIlRIKFGtT	ad_reddit_1
804	35.180.126.178	\N
805	\N	ad_reddit_1
806	\N	ad_reddit_1
807	https://www.hackathon.com/	\N
808	http://192.168.10.23/cr?t=1703225010100&za=6S0wZkCaCC1nr04ujpL2_JI3dZ8x9IsZ6wWuf3wfknDPIpO4yJMfnRehaitshY-Jm92j7V9DmG4cQgIeGzbz-RkmlXRyjKfPcKzMten04KE-b4-Li7eODFtdJY56P_9fLXMYaQ0Odd0OYAoCnJMj4XcBNhdr2FqOyAzZVORJim6iSZTWJVOAA-YO-jD-yGZ-3pInT_HA7VMEVuZHlNTCsrCE5Whmv_W7B_koyRWa1LwmauUP7-AlfRUdCW2aS-ZBsjl3wBe719SPk_4XGz2kY1UYacSXgH_JFYKF7hoe7o_b5myMLU5XyJ3NGT7DwQGkYOWOkxs&zp=cuG-_oQjYwKbyDVJMXy_p5xhTxsGW_PmgloPY9LDZV0rr57mpfTV2LaXzVhPba74m6QD-roQbbMAkqOSX0LgzpO0M33tVJr5WhZW-ZGlCfM2yrk1e6jiYzLiuMiNT38JGXZlroLuX4bhiVTYsxi-lcXH6-dYtx-1moa-EiDhedmWl_83yEzZ-0gKN25rboPd	ad_reddit_1
809	\N	ad_reddit_1
810	\N	ad_reddit_1
811	http://192.168.10.23/cr?t=1703231400588&za=DQsZIZgS92wmMan1_eP_L_ubfM3ZtkrlVoZVb1nQ4hYvVQFXmZ0l6Trd-6y1NrUJvyWjrhoWUbCQo5bK3_lTilT0h97HjZLR3N74f6Net-Pc4tiUn2tlz-9Kv7xNksWrorKD_bjAWTnBFbS6_HDAGZSwFUNzCqOhUROnN04kIKVvoOtLsQBV6C3TbS-PXHRotmFGP5tccDmIKhQHfb4QhNiufvnKUHSllKHR65CWZApoUfIfYRkKUQT-bTlcgU3p_3qBTVt00Zzbn6m0e7a9nAaO3Mji3wcwN0MqjqPPN755BA_keauBKPAu8dslfML8Pvprujy3sQCQ6_EluLKo4DRT6QU9&zp=DPS710dPuLj479tOQyRzpC0OhIJNHAFnEEW-D5Nh9WzVi88l1e0rnLlLR4iDI3Ck6O6h1riCY-AWYfj37WxXdBH_sIDn187qKOcOP30yLCAFYkrbKOkZje_Ctcj8WkBG6ZxLyLgoj3kdBS8SRsL18QqngQgOiQzMOqBwJtMPtdwri-Q0VYDK80UsQ7dgmOdH	ad_reddit_1
812	http://192.168.10.23/cr?t=1703233710342&za=lMqqxd2RN4-BGi-1Y1ekTqkkpGmWlKdjjKyuguyHgFCSyjMO3AC-CC9ss6PJqHYiOo-5GMyT2kGrW4JNGT7tyZk3IHIsTPQihJevlmBsAoaG8Hq2MwWT9FYoijCp2VLADcgcUcS5bsIlf47P-y4grpR1LYYpo1oQsntANhgArIS3jou4YAbTTdfWept6IdDS1h4Qf9-F8nzvB-zk-KOA14DnPgFPrytFExvXHyzX_jmfgXueDERAWjp7qiacurNeCkizFqlSZZck970RQBo2lwZduvJ7Jq-mk_VfzZDQQr4Uekd_XvVXnaroWmWLS1R0mM-ZaMb86WKPQ6h9Ait695Als7R4CbQUDQ&zp=lmCEWMwxy_D-eCTuBlGZf2cZX3SwUVr_Dq27sltYvUrqNQDLBbWTHuknJ5LGgsuDRvtsk0DltVb4l8bbIcK28DZlwOvYQezFl-p0wrukYj9K4-ESMgCqib61R8XGI1yRgPvwRQtvb-i1dM9L1sa3anHZ6DJ1lPeucNECQ-WVEJUHDrEJlcw37BAQrMfAs5I4	ad_reddit_1
813	http://192.168.10.23/cr?t=1703235137903&za=_38bjP6qgKzIz6VTNdyU0D7QPfoQEpAll6uONUcG1yLmfUmqxSkm2nDWBa_hwLzgn9ZpNmda5OBwJxZiAKwyvr0MZjjBw1j0n1IMMOau7Mo0WCJvLPN7ULJEvApthuPOiWXjlb8NaxMiyF4D6MsOVQ0_tUv39zDdIITeZSucn9hkdj1kU9XZHiHVK25QVMvriaMmVPBMbJJ2P6k_ozG66FF02uNDo-Kj_nkgwKc93Kuke1Coc1ib_PMSFMO9Feiqfyl4paMtw6J7JhOV1rhGMq8YSMJFbviRPmnLc_sxXIWEROQ8-78hBaVNKNZOOo8NDTuTtjGQSAo1C18&zp=okoYut7FyWDk31qFdH8_DJpsnzJyjHG8MRt7TGxHX-kvRa7B6QEQgzjp8tWzZ9J1-fcRKpeGPqR2aohu3_kK_tvNEWYyyfiU9eqDiEN0PdS9qJ6kTD7y-VIgs8U-8Fqdz9hVOC6VJipcQ7rHYQ0wNX9LdsrO1tjsur2GFqqUZgrum3HxYFDwTM2voTNsFwQg	ad_reddit_1
814	\N	ad_reddit_1
815	http://192.168.10.23/cr?t=1703237129930&za=np8jXeEw882ojeY_felqbFYRgebdLTAJmEXBv1OCaLoF6G9q9lpTfS-p6bkmpdeEb7DBvettcM3F99t45eT-o7bEi3uuvEKe7ONUYvIQDWZ--QZZRCfTEu031rdgqg2BXUT2SgXvotJz8YCMOBxWKxPNh9Wn428D-m_9B77JD53FgO-hFXKcorTahdZS9CiBVOdm7X3EMglkxpMjft5zChsnQrDG2pBK9YTj_uWXyv_3n6ze2dSlSZ9wYXjPs2rRAu1EBE5BFWLsT-fK269wopXItdsqWYIJfbbkOjfqCsgbrZbz5hN9T9rVTjsfT-puBk2y7F6gt8Oj0wpPv0tYjg&zp=6M0sTFMBkjvO1h8E509Ga3ZV00fXUdE4szwRZ4gXEnHofKoHs2jGVmoj6jVMcFO-DGfxX3GrHAqyGGe7P3ZQt-aikLh8lh_gv-YR2EAU8xBnnQTPMCSg3j-bIs_opwxpgPWSu1lNfgSXihF1DDDKa4DiuhUMS3cm58NCKA7kpVrwaZtudUIZ0_eN5qtPAdsG	ad_reddit_1
816	https://l.instagram.com/	ig_mahsa_02
817	http://192.168.10.23/cr?t=1703238914339&za=BLx5AaFAyHEjqnyCR3USo4clJhkmgX7B9GrfOGnhXavUDcK8Y4B92qKY5RBiELKM4gyt0OtFw7hrxTyQsDgZmXt8rToxqnH6UgpcNB_vIk-VG7rtlcdLVyDMs7rwBmo5Oco1B7jcwsGgHgSDIyra9ko5ODNAdF5tg_1-OrMUfvFgqMBCodxEMugrSrFa9V6b0p6-7EPtiuYm0E5bFZbFFyhMLnCgpJ0cEXOCGSUMJ9o2M1cVVaS6ZjyaPDnuzrT2m804lFmla_7RC_QqOMtQ47KoSis0L4CNDyzuU35jwSNepvXm2SFrHghcf1A2FJ6BalFx8PLw2Vc69o419txyKewVFhDv&zp=luyki-mmFy-badQwFHBR4ycwN656dCBL9FSxGr0UPPNNKHeDZHNlUp6lIJDuF6xwUKwZeSILtT4QFzo4Qw_hF6kHDH0sfpJMLGtdWQccnhm6xVGHdZc40hdCe6PxnZ9q8cDjnV6rvN5UXjqvdvwlFalFj3ajYnvkTg5Qg3-Jm9hkzj15aS5R39TohqHp2McG	ad_reddit_1
818	http://192.168.10.23/cr?t=1703238972258&za=rqxko-aTH_y3wiBGNBSvMGs6gx3xTZUrlaFEl2dR6M4SVBYYOawzM4qxFIbLU3QKj73BXyRldgFQ9MFwwGQypm_p1rzX4fFXhN6qaWRRVNVCNaMGY768-t085x-J_m55RwAlxvpdrMPA6VsxorSW6_4fTZJidJC-199FBmY4SA0rDwp8nnnW1D_nZu7zGcPkjdcOn1fXP4JRit80juCrmtJIb50mKrrXEUlLJ_DiqSZd7RwyngDgm2B9rLVdc7m7V5TxLkVqqQtMmhgNfkDKtn_-91HN6HEsohIfKUTDTABGKgCMbXlTufzmteo1nzmoQ_gAPwX9VpBvLHzRzsovfIgeIPUn-Q&zp=lRmhcQEv6uUOjmrNk8Lw33wXW4CYXOO-Y58U1XGqWnuUSchXTMKWBQPau5U7S6oUNKdKwjgctcxU7cOzy9GTeCQdA1mAFsJdHGN1osq-OE6AXl1sK7TLCksa3KEGoQIfwa1VJgIrOZXDmnnLPRybgYcgjrPIdY_U8lQ9HDjzWGNwB1npRZIGRfORoIRWfGf9BXA	ad_reddit_1
819	http://192.168.10.23/cr?t=1703241058154&za=rV8sfuYHbxvdRR-4-MNbGFQ_YGSULhn753VEWuvf4fq0LvEyryW_EbDSyesFlUXEegQJVO9bMHwYHMffvG34RKjcyj7kboijZh15ALXv7_MImadF-YEQaqAP0vebE1D6blc0s7mXdpHFC04TRnQ8C0VfxQU5VWO9F-NFVH5XD4A1hNA964KmPXtuVvZvl-A8KH2ocwN00zLYDdt3PgaergCc-VjeCEs84ZrgcevJR_vx6ug8ITXrWD6WP46R2lhvw7ftJy7Fzpwpo1dPV45s-luiVlCmSVoDbRLPVQLrPmnMxYv8HuY_LnVs9pLgkVutMfE_UmkrxafhMHkBHVc&zp=laf6pEESjM0dXd1HMezGRumhGgBnkcmL9oDm0Y2qnGrWFPHpB_GOmJOkBVVK6md26uJMgQFwQbBTDaUkrhy_7uv0iKxkfODX0MzGwt22n5UMDaZI0uZNIZ62l2RPvFcrt3KLYuH9WmdVhpeXTGzufR99ux81TBU9KLOD823RxDKPZZgfq85G7v_vj_Dxih00	ad_reddit_1
820	http://challenge.parkyeri.com/	\N
821	http://challenge.parkyeri.com/	\N
822	http://challenge.parkyeri.com/	\N
823	http://challenge.parkyeri.com/	\N
824	\N	mail_parkyeri_4
825	\N	mail_parkyeri_4
826	\N	\N
827	\N	\N
828	https://www.hackathon.com/	\N
829	https://www.hackathon.com/	\N
830	\N	mail_parkyeri_4
831	\N	\N
832	\N	mail_parkyeri_6
833	\N	mail_parkyeri_6
834	\N	mail_parkyeri_6
835	https://www.hackathon.com/	\N
836	http://35.180.126.178:80/	\N
837	\N	mail_parkyeri_4
838	\N	\N
839	\N	\N
840	\N	ggl_ads
841	\N	tg_mahsa_3
842	\N	\N
843	\N	tg_mahsa_3
844	\N	\N
845	\N	mail_parkyeri_4
846	https://www.hackathon.com/	\N
847	\N	ig_mahsa_02
848	\N	ig_mahsa_02
849	\N	in_parkyeri_3
850	\N	in_parkyeri_3
851	\N	ad_linkedin_1
852	\N	ad_linkedin_1
853	\N	ig_mahsa_02
854	\N	ig_mahsa_02
855	https://cutt.ly/hwSVmrqz	ig_mahsa_02
856	https://www.hackathon.com/	\N
857	\N	mail_parkyeri_1
858	\N	mail_parkyeri_1
859	\N	tg_mahsa_3
860	\N	\N
861	https://www.hackathon.com/	\N
862	\N	mail_parkyeri_2
863	\N	mail_parkyeri_2
864	https://www.google.com/	\N
865	https://www.hackathon.com/	\N
866	http://challenge.parkyeri.com	\N
867	\N	\N
868	https://www.hackathon.com/	\N
869	http://challenge.parkyeri.com	\N
870	\N	mail_parkyeri_4
871	\N	fb_parkyeri_3
872	\N	ad_linkedin_1
873	\N	\N
874	https://www.reddit.com/	\N
875	https://cutt.ly/hwSVmrqz	ig_mahsa_02
876	\N	\N
877	\N	\N
878	\N	\N
879	\N	ggl_ads
880	https://www.reddit.com/	\N
881	\N	fb_parkyeri_3
882	\N	ggl_ads
883	https://cutt.ly/hwSVmrqz	ig_mahsa_02
884	\N	mail_parkyeri_3
885	\N	mail_parkyeri_3
\.


--
-- Data for Name: default_waitinglist; Type: TABLE DATA; Schema: public; Owner: faizan
--

COPY public.default_waitinglist (id, email, full_name) FROM stdin;
\.


--
-- Data for Name: django_admin_log; Type: TABLE DATA; Schema: public; Owner: faizan
--

COPY public.django_admin_log (id, action_time, object_id, object_repr, action_flag, change_message, content_type_id, user_id) FROM stdin;
1	2023-12-01 21:07:47.446612+01	3	bablakan869@gmail.com: dasdsas dasdasdas	3		11	1
2	2023-12-01 21:09:52.927527+01	4	bablakan869@gmail.com	3		8	1
3	2023-12-04 16:16:55.07633+01	4	bablakan869@gmail.com: asdasads dasasda	3		11	1
4	2023-12-04 16:17:02.732624+01	5	bablakan869@gmail.com	3		8	1
5	2023-12-04 16:19:56.361206+01	8	bablakan869@gmail.com	3		8	1
6	2023-12-06 08:25:34.439498+01	10	faizan.javair@yahoo.com	3		8	1
7	2023-12-06 08:25:46.644062+01	9	asdadsa@g.com	3		8	1
8	2023-12-11 12:14:14.073906+01	13	bablakan869@gmail.com	3		8	1
9	2023-12-11 12:14:14.075634+01	11	user@g.pl	3		8	1
10	2023-12-11 16:04:11.505024+01	15	dadasdas@g.pl	3		8	1
11	2023-12-11 16:04:11.506997+01	14	user1@g.pl	3		8	1
12	2023-12-11 17:27:07.461141+01	16	challenge@parkyeri.com	3		8	1
13	2023-12-12 09:46:06.975658+01	17	dasdad@g.pl	2	[{"changed": {"fields": ["City", "Country", "Project url", "Issue desc", "Project info", "Project impact", "Contribution url", "Feedback", "Expertise", "Interest", "Team", "Is email verified", "Is phone verified", "Is submitted"]}}]	8	1
14	2023-12-12 09:48:21.837708+01	17	dasdad@g.pl	3		8	1
15	2023-12-12 12:24:01.88576+01	18	bablakan869@gmail.com	3		8	1
16	2023-12-12 13:09:25.749838+01	22	sdadajsda23@g.pl	3		8	1
17	2023-12-12 13:09:25.751763+01	21	adadaadsda1323@g.pl	3		8	1
18	2023-12-12 13:09:25.753267+01	20	da12321131@g.pl	3		8	1
19	2023-12-12 13:09:25.754734+01	19	dasdad@g.pl	3		8	1
20	2023-12-13 07:11:35.165371+01	26	john@g.com	3		8	1
21	2023-12-13 15:02:41.823633+01	27	bablakan869@gmail.com	3		8	1
22	2023-12-13 15:03:31.876528+01	28	bablakan869@gmail.com	2	[{"changed": {"fields": ["City", "Country", "Project url", "Issue desc", "Project info", "Project impact", "Contribution url", "Is email verified", "Is phone verified"]}}]	8	1
23	2023-12-13 15:05:24.548063+01	28	bablakan869@gmail.com	3		8	1
24	2023-12-14 08:36:33.8295+01	30	adasdsadas@g.pl	3		8	1
25	2023-12-14 14:13:19.732464+01	33	cleclelopez@gmail.com	3		8	1
\.


--
-- Data for Name: django_content_type; Type: TABLE DATA; Schema: public; Owner: faizan
--

COPY public.django_content_type (id, app_label, model) FROM stdin;
1	admin	logentry
2	auth	permission
3	auth	group
4	contenttypes	contenttype
5	sessions	session
6	default	event
7	default	waitinglist
8	default	customuser
9	default	otpcode
10	default	incomingphoneno
11	hacker	hackerinfo
12	organizer	featurepermission
13	organizer	websitesettings
14	organizer	organizerpermission
15	organizer	organizerinfo
16	default	referer
\.


--
-- Data for Name: django_migrations; Type: TABLE DATA; Schema: public; Owner: faizan
--

COPY public.django_migrations (id, app, name, applied) FROM stdin;
1	contenttypes	0001_initial	2023-12-01 20:20:45.885581+01
2	contenttypes	0002_remove_content_type_name	2023-12-01 20:20:45.891998+01
3	auth	0001_initial	2023-12-01 20:20:45.934858+01
4	auth	0002_alter_permission_name_max_length	2023-12-01 20:20:45.940014+01
5	auth	0003_alter_user_email_max_length	2023-12-01 20:20:45.945567+01
6	auth	0004_alter_user_username_opts	2023-12-01 20:20:45.951015+01
7	auth	0005_alter_user_last_login_null	2023-12-01 20:20:45.956264+01
8	auth	0006_require_contenttypes_0002	2023-12-01 20:20:45.95848+01
9	auth	0007_alter_validators_add_error_messages	2023-12-01 20:20:45.965117+01
10	auth	0008_alter_user_username_max_length	2023-12-01 20:20:45.971854+01
11	auth	0009_alter_user_last_name_max_length	2023-12-01 20:20:45.979768+01
12	auth	0010_alter_group_name_max_length	2023-12-01 20:20:45.987215+01
13	auth	0011_update_proxy_permissions	2023-12-01 20:20:45.994849+01
14	auth	0012_alter_user_first_name_max_length	2023-12-01 20:20:46.002358+01
15	default	0001_initial	2023-12-01 20:20:46.06634+01
16	admin	0001_initial	2023-12-01 20:20:46.089271+01
17	admin	0002_logentry_remove_auto_add	2023-12-01 20:20:46.09697+01
18	admin	0003_logentry_add_action_flag_choices	2023-12-01 20:20:46.10452+01
19	default	0002_alter_customuser_shirt_size	2023-12-01 20:20:46.106591+01
20	default	0003_customuser_phone_alter_customuser_level_of_study	2023-12-01 20:20:46.115017+01
21	default	0004_alter_customuser_phone	2023-12-01 20:20:46.122586+01
22	default	0005_rename_repo_link_customuser_expertise_and_more	2023-12-01 20:20:46.210006+01
23	default	0006_alter_customuser_contribution_url_and_more	2023-12-01 20:20:46.240414+01
24	default	0007_alter_customuser_project_url	2023-12-01 20:20:46.262757+01
25	default	0008_customuser_is_submitted_alter_customuser_project_url	2023-12-01 20:20:46.280575+01
26	default	0005_customuser_is_email_verified_and_more	2023-12-01 20:20:46.298481+01
27	default	0009_merge_20231123_1656	2023-12-01 20:20:46.301165+01
28	default	0010_alter_customuser_is_submitted	2023-12-01 20:20:46.327385+01
29	default	0011_alter_customuser_is_submitted	2023-12-01 20:20:46.339728+01
30	default	0009_merge_20231123_2011	2023-12-01 20:20:46.342342+01
31	default	0012_merge_20231129_1003	2023-12-01 20:20:46.344344+01
32	default	0013_alter_customuser_contribution_url_and_more	2023-12-01 20:20:46.412123+01
33	default	0010_customuser_phone_verification_code_and_more	2023-12-01 20:20:46.447686+01
34	default	0011_otpcode	2023-12-01 20:20:46.456427+01
35	default	0014_merge_20231129_1650	2023-12-01 20:20:46.458874+01
36	default	0015_customuser_country_code_alter_customuser_phone	2023-12-01 20:20:46.498657+01
37	default	0016_alter_customuser_contribution_url_and_more	2023-12-01 20:20:46.556095+01
38	default	0017_customuser_timestamp	2023-12-01 20:20:46.567344+01
39	default	0015_incomingphoneno	2023-12-01 20:20:46.575199+01
40	default	0016_alter_incomingphoneno_time	2023-12-01 20:20:46.617104+01
41	default	0018_merge_20231201_1726	2023-12-01 20:20:46.61964+01
42	default	0019_alter_customuser_country_code_and_more	2023-12-01 20:20:46.630251+01
43	default	0020_alter_incomingphoneno_time	2023-12-01 20:20:46.634055+01
44	hacker	0001_initial	2023-12-01 20:20:46.652941+01
45	organizer	0001_initial	2023-12-01 20:20:46.730942+01
46	sessions	0001_initial	2023-12-01 20:20:46.748065+01
47	default	0020_alter_customuser_contribution_url_and_more	2023-12-05 09:39:22.955025+01
48	default	0021_merge_20231205_0839	2023-12-05 09:39:22.958584+01
49	default	0021_customuser_joined_discord	2023-12-07 07:11:03.170129+01
50	default	0022_merge_20231207_0610	2023-12-07 07:11:03.173246+01
51	default	0022_customuser_source	2023-12-11 15:54:50.617885+01
52	default	0023_referer	2023-12-12 09:34:12.744944+01
53	default	0022_customuser_coder_password	2023-12-13 06:55:10.199221+01
54	default	0024_merge_0022_customuser_coder_password_0023_referer	2023-12-13 06:55:10.202169+01
55	default	0025_referer_click_source	2023-12-13 09:13:52.442788+01
56	default	0026_alter_customuser_is_submitted	2023-12-20 11:46:37.729141+01
\.


--
-- Data for Name: django_session; Type: TABLE DATA; Schema: public; Owner: faizan
--

COPY public.django_session (session_key, session_data, expire_date) FROM stdin;
g05wz77lyt10ne16ushwqg8dwikcib1x	eyJzb3VyY2UiOiJ3cF9pYXRpc2FtXzEifQ:1rE70D:O8qmNdqE2ulj_7vWd89HsY6lw36L7tGK5VmA-aY6XmI	2023-12-29 13:09:13.799674+01
nl4vdd0gv9aukllulbx7apk0iuhlytls	eyJzb3VyY2UiOiJtYWlsX3Bhcmt5ZXJpXzEifQ:1rE76Q:3ieWneroE6qcuDRzu4cnyx5O6THLimO6O0gt3Fuq0V0	2023-12-29 13:15:38.198687+01
1kfyv3tnwpkt3ldy44hzy4mun5cjctzg	eyJzb3VyY2UiOiJtYWlsX3Bhcmt5ZXJpXzIifQ:1rE7OL:5-wLvD64iZGV7mlDD-iB0QvpmlvkdnCPQtqn-jme0es	2023-12-29 13:34:09.335458+01
crbxt2ee9pu8azjlzyzcw9vvfs1i1jvu	eyJzb3VyY2UiOiJtYWlsX3Bhcmt5ZXJpXzIifQ:1rE7R0:o4ciLLgXLz2_ePGGnEirUOrsZ6y1VYhIrw8Lx_3lgsg	2023-12-29 13:36:54.939335+01
dyvt9rwnwy2oxlf9txej1ldha8la56zl	eyJzb3VyY2UiOiJmYl9wYXJreWVyaV8zIn0:1rDK2R:aC0voWJwDtcGFuq5zCCqol1JU0OjaxqnLhsvsrBlJqI	2023-12-27 08:52:15.419997+01
gdpfunz3wurm4k2jyf813mk6233t60u1	.eJxVjDsOwjAQRO_iGln2-k9JnzNEu16HBJAt5VMh7k4ipYBimnlv5i163Nax35Yy9xOLq9BaXH5Lwvws9SD8wHpvMre6zhPJQ5EnXWTXuLxup_t3MOIy7msCp1BDsoqBGY3yLllgCITRG5MKsI3KD8rrGIYhUQ42WnCOzJ6QxecL4a43Eg:1rBBYC:YUJRgNilIiCjH8mgFnk2WC4P2_9PK-tPGsc-gmD5eDk	2023-12-21 11:24:12.597655+01
zadhq6td4l4lgyg8eli3rzo9ygs3dfz9	eyJzb3VyY2UiOiJmYl9wYXJreWVyaV8zIn0:1rDKZW:qCXmNpAl4RYORcg5vUrPHLNRuzldgiwDTON0XDj7lss	2023-12-27 09:26:26.672974+01
62tzaowpq0vjt14t037msbokh71sjyv3	.eJxVjEEOwiAQRe_C2pABLIJL956BzDBTqRqalHZlvLuSdKGrn_z38l4q4baWtDVZ0sTqrIxVh9-TMD-kdsJ3rLdZ57muy0S6K3qnTV9nludld_8CBVvpXTOgmOiEHFOOGaK12dF3cBQGsSGTHwJYL-wiWwaDXo4URwgQ6KTeHxVROFE:1rCP5x:rbXZgtIeRBQJ_R0L7l27os6ARTTXXux1-mFl6qxbpDY	2023-12-24 20:04:05.17698+01
6ysw3jydv6d6fpqbd55zejay8ds2xutc	.eJxVjDsOwjAQBe_iGlnY8S-U9DmDtd5d4wCypTipEHeHSCmgfTPzXiLCtpa4dV7iTOIinDj9bgnwwXUHdId6axJbXZc5yV2RB-1yasTP6-H-HRTo5VtrFxRRhgTZA3nEZOnM2igXNBryYJmMcQ6RBkNWMQdr2ahxDEPIA4r3BxOyOKI:1r9AEM:kJAjTQFC5Qt2Tj5Yh-48DP7XFPkZGxdtVQQ0D6eMIg0	2023-12-15 21:35:22.729277+01
ebcr4tclm1zsnlsq7vkh7kr08hi4i8zo	.eJxVjEEOwiAQRe_C2hAqgQGX7j0DYZgZqRqalHbVeHdt0oVu_3vvbyrldalp7TynkdRFgTr9bpjLk9sO6JHbfdJlass8ot4VfdCubxPx63q4fwc19_qtGYZILgQstkAQQs8DB_Yg7DCL9SSMxothCRGAHBt2tvjozgXIGvX-ABcOOPE:1rA7v8:AIAZ16IsrQtj_ZDQ8smoBQMuQsCmKWhZNoZAQDYRre4	2023-12-18 13:19:30.25796+01
7103ygcx5bddspkcv1cd0nos1z0wqma9	.eJxVjDsOwjAQBe_iGlnG618o6XMGa-1d4wBypDipEHeHSCmgfTPzXiLitta4dV7iROIiQJx-t4T5wW0HdMd2m2We27pMSe6KPGiX40z8vB7u30HFXr-1clisBuUJyhk5eAOaCCwoCpACBJMZdBpc8UYpKKy1QTLZo7NshiTeH8x8N2w:1rA9Hj:lhFqsTTkiYPyLNhK3oIRZh6-ydX_aY88e-ElVAD_wew	2023-12-18 14:46:55.938174+01
b7rof48iuupbfl1ptteohhqfx93j9fbi	.eJxVjMEOgjAQRP-lZ9O0LNtSj975hmbbXSxqIKFwMv67kHDQ22Tem3mrSNta4lZliSOrq7Lq8tslyk-ZDsAPmu6zzvO0LmPSh6JPWnU_s7xup_t3UKiWfU0pG3HElFIarEMnLTgEAGzYgO0647lFBgrioTGIAQgHDuS93aOozxfsuDeY:1rAsG9:qtdJ73KkH4hazNMnDOtM0hllyTG5EUeqJ2Tq54SulsY	2023-12-20 14:48:17.291047+01
d2qj4ikfgbgk8gw6ceknocxps8harhvo	eyJzb3VyY2UiOiJpbl9wYXJreWVyaV8xIn0:1rChoD:rabZbZDUIV9lBIOTuwr4IVGWZj2Y4BPyCZV8WifQBMY	2023-12-25 16:03:01.838559+01
m88t9l6d9b2dra4hu4m5uebqismb8qml	eyJzb3VyY2UiOiJpbl9wYXJreWVyaV8yIn0:1rChoS:1W1KEmCYYQSdimpncJSfilrsn8rUA2k0yAeUe031Epk	2023-12-25 16:03:16.574394+01
lrk3fepoiynf9q0619myw3dq1f81b5ez	eyJzb3VyY2UiOiJmYl9IQUNLQVRIT05IQUNLRVJTTUVOQV8xIn0:1rChoV:m56INhnlp1N9zuV3unvpFjN6I8oJzLPNV9pliZjKwqw	2023-12-25 16:03:19.059482+01
5wfhmj6k9kbjb8ygp0ruxm92peresabg	eyJzb3VyY2UiOiJmYl9IYWNrYXRob25zV29ybGR3aWRlXzEifQ:1rChoV:z4KOrkky_2OLTFmcvQ7k0zf3nWYMmmTXTDzVcrivyIY	2023-12-25 16:03:19.146493+01
124cphp95sa5lhkpszj58w66wrg5d6ct	eyJzb3VyY2UiOiJmYl9oYWNrYXRob250dXJrZXlfMSJ9:1rChoV:NnFKHQv64rk2Oek0eqnIeSomL1gXzBOLkZlCLkPVxmM	2023-12-25 16:03:19.732765+01
dsyc9uwnuobp053fvwbva8abmm9z1ir1	eyJzb3VyY2UiOiJmYl9oYWNrYXRob25jb2RlcnNfMSJ9:1rChoV:8ZCK030uEgYrGFKgbQOSyDCwg9ms4TkzzdpEyyDG104	2023-12-25 16:03:19.909092+01
xl4vjvpp55q0tzl8c9vwktbhulh2ynef	eyJzb3VyY2UiOiJmYl9IQUNLQVRIT05IQUNLRVJTTUVOQV8xIn0:1rChor:ig1YSyUuohV8tg4-anbGHYR_cVLs0a5EAoqmR72fGC4	2023-12-25 16:03:41.143171+01
4g1hhs7x6cts39mt2oxs168ncqjhi9sk	eyJzb3VyY2UiOiJpbl9wYXJreWVyaV8yIn0:1rChpZ:Eh0_NBJnPsfkA0vdcTDUxENxsB5DYGpPdLS-qJXaDZ4	2023-12-25 16:04:25.000998+01
gq6lq6wetq90whz8yaevaxdknx08r2hf	eyJzb3VyY2UiOiJmYl9IYWNrYXRob25zV29ybGR3aWRlXzEifQ:1rChpn:bt3uWY6EHOvGKD8vZVPCYoWMiwxRv_PZRW-j_RVX8mk	2023-12-25 16:04:39.610202+01
hdj2wuwd9qriu7z9f6ky3uxix9eplscy	eyJzb3VyY2UiOiJmYl9oYWNrYXRob250dXJrZXlfMSJ9:1rChqA:8XeT3eVDa_8j1ZSiGapj1bceak37rQB5DmhG5PxM5gw	2023-12-25 16:05:02.976017+01
stnc0zbrdyxu2bvrlbe4n5osrhuwx12s	eyJzb3VyY2UiOiJmYl9oYWNrYXRob25jb2RlcnNfMSJ9:1rChqS:eWTk2x8q6eTSRAgtEqDC_Oq_gn351SCm1Cv2AxqLcR4	2023-12-25 16:05:20.699062+01
qcecu7f8dialovnl5bovpq6gr5y31vmk	eyJzb3VyY2UiOiJpbl9wYXJreWVyaV8xIn0:1rChqh:Ufyt32NF3dlQBXIlC3zFA96pxd4gT8bOZIV_AMJRxdM	2023-12-25 16:05:35.626585+01
xh68kc051aw2mpezz8mw9p3eweh7476g	eyJzb3VyY2UiOiJmYl9IQUNLQVRIT05IQUNLRVJTTUVOQV8xIn0:1rChrt:vERxwC1y9F3O8xoEQS-nRl04K8oKFwRWjKJE1Uq0vzo	2023-12-25 16:06:49.251052+01
1juc8mcsjkzkevza1t2cixgciad3qbes	eyJzb3VyY2UiOiJmYl9oYWNrYXRob25jb2RlcnNfMSJ9:1rChs8:xSFFDqPR8tEB69hGJ9qcZ8T1VMSbzIG4enb5kYMswu4	2023-12-25 16:07:04.519628+01
5wn74hhgubuhf1skihjeo6zqg3cmzmzj	eyJzb3VyY2UiOiJmYl9wYXJreWVyaV8zIn0:1rD2yW:8YytDMqMTss_53kzvQKaMhKKRgdcSiclQtndvcizlQw	2023-12-26 14:39:04.219349+01
164fwpv5e7x1q01wghenyul65ppkbp2j	eyJzb3VyY2UiOiJmYl9wYXJreWVyaV8zIn0:1rD2z0:bYki2CRXBUbmrWeF5oLDx-2nriAm3094F8haD8JCQco	2023-12-26 14:39:34.672857+01
jpvq6rqect5unj621aq78cnvqpmo70yy	eyJzb3VyY2UiOiJpbl9wYXJreWVyaV8zIn0:1rD2zi:hUD_dVk3gaeyPSZSDTX-ZVTS_0o3tLjAD7p1fae3G7Q	2023-12-26 14:40:18.624825+01
r6rr51ykxwx5mqm10v234kdszpfcsm1l	eyJzb3VyY2UiOiJpbl9wYXJreWVyaV8zIn0:1rD300:-LyR2fm9EuNml-Z07KNDuVAQODS0A3xMrv107C60198	2023-12-26 14:40:36.238522+01
oye7hxotiolo6u6e15b58ukufb054zzn	eyJzb3VyY2UiOiJmYl9wYXJreWVyaV8zIn0:1rD3MV:pdkDlk8Uj3rSeFkYhzRalxGU2LtBC_Lm-8gkc3YBrfU	2023-12-26 15:03:51.580822+01
jqfrb6nhih0b8wgq1r6wc0zdieaya055	eyJzb3VyY2UiOiJpbl9wYXJreWVyaV8zIn0:1rD3Mt:Wof201hOo1LbxDMyX-4_Tf0UeUJcx1bIH7AXPHM6AWY	2023-12-26 15:04:15.2048+01
hgimdc0i3muha922wwqx07nsxwnci4nj	eyJzb3VyY2UiOiJpbl9wYXJreWVyaV8zIn0:1rD3Nf:0GL2D6OjxnkMEdUX61fW7wPJbUf9ZCxiPa_MMDs0Qkg	2023-12-26 15:05:03.461132+01
am3zgp06eu5lltcnvc0w46k5op3kdo9g	eyJzb3VyY2UiOiJmYl9wYXJreWVyaV8zIn0:1rD3PJ:Gs75c_H6vtLAqTnNfOQLodz1n--6hNjplIIJ9kE7O7Q	2023-12-26 15:06:45.659802+01
6ymck96gamcqmdjihi53wyq86qzsu0lx	eyJzb3VyY2UiOiJmYl9wYXJreWVyaV8zIn0:1rD3iC:mSwWqM9Ewg1IC869BtQHPk17o-Sp0DSHMCNld3aVvkw	2023-12-26 15:26:16.282687+01
of1pr8yzd93il2mxroayy2sgwbfayhwe	eyJzb3VyY2UiOiJmYl9wYXJreWVyaV8zIn0:1rD3iD:1ur_zkruAc8PSMMpk5GYoUvGKzYFfr6qCgLxiOBkMDk	2023-12-26 15:26:17.651992+01
i973m4taw7opxsipau46t86iclz77tsz	eyJzb3VyY2UiOiJmYl9wYXJreWVyaV8zIn0:1rD3iD:1ur_zkruAc8PSMMpk5GYoUvGKzYFfr6qCgLxiOBkMDk	2023-12-26 15:26:17.671454+01
yvv5vn9trkh29ml57hoa16qafyvu57zo	eyJzb3VyY2UiOiJmYl9wYXJreWVyaV8zIn0:1rD3iD:1ur_zkruAc8PSMMpk5GYoUvGKzYFfr6qCgLxiOBkMDk	2023-12-26 15:26:17.888897+01
k5do9z4w41u5fc1pdd5ez5d3t2ht6tma	eyJzb3VyY2UiOiJmYl9wYXJreWVyaV8zIn0:1rD3iD:1ur_zkruAc8PSMMpk5GYoUvGKzYFfr6qCgLxiOBkMDk	2023-12-26 15:26:17.933768+01
aldbs2e8cdeimx22fa2009rdtaa93cz2	eyJzb3VyY2UiOiJmYl9wYXJreWVyaV8zIn0:1rD3iE:4qCIbi0lg7mUbLNKiaWK5OP3KifWigwkfVsUKFiLago	2023-12-26 15:26:18.040923+01
s1o8nh5fbh8owenfes47gixdg9gtc8pw	eyJzb3VyY2UiOiJmYl9wYXJreWVyaV8zIn0:1rD3iE:4qCIbi0lg7mUbLNKiaWK5OP3KifWigwkfVsUKFiLago	2023-12-26 15:26:18.055249+01
lass6yizzwtkr0bkruri5m0ilwpmx9dg	eyJzb3VyY2UiOiJmYl9wYXJreWVyaV8zIn0:1rD3iE:4qCIbi0lg7mUbLNKiaWK5OP3KifWigwkfVsUKFiLago	2023-12-26 15:26:18.860146+01
1j8mlc1kr609no1dejr8x5pfjs3iw4lh	eyJzb3VyY2UiOiJ3cF9pYXRpc2FtXzEifQ:1rD447:F0iMX5VmJZ__U95qfFsxDvbbHk94bRJ7iHj_6Cl1Ihg	2023-12-26 15:48:55.430404+01
8vwfb675r2qq2oe9bgt6g286fop14oe7	eyJzb3VyY2UiOiJ3cF9pYXRpc2FtXzEifQ:1rD44S:JuK9RohbzFbw6fsvf8DA8k4nxoUHa9NALbsY7-ewb0M	2023-12-26 15:49:16.894956+01
mec1d205p36nadaafoku6gl92eu3kph3	eyJzb3VyY2UiOiJ3cF9pYXRpc2FtXzEifQ:1rD44r:X93gBERp1ANyxkoWkTgaMMGObDoQOk4DQB6q_him8yc	2023-12-26 15:49:41.773282+01
uu58xld3zpcxgrx6px3lgwsfw4nuojea	eyJzb3VyY2UiOiJpbl9wYXJreWVyaV8zIn0:1rDJBF:xPedUP_Oq7jYyKNNmb8h_jO5RBv5TpJH0Y-CzvF4qQ8	2023-12-27 07:57:17.389357+01
sa0ro53ovpew3wilel9xqfgsrxau4hqq	eyJzb3VyY2UiOiJ3cF9pYXRpc2FtXzEifQ:1rD46E:zvm1u8YDU8gLCrJnL0ogJ5HT90qNPdwKQvPPBkYK0Po	2023-12-26 15:51:06.04858+01
06j1vj5uegm5ecwiq48suob91lremm6s	eyJzb3VyY2UiOiJmYl9wYXJreWVyaV8zIn0:1rD48G:JcqMJDr-MqLCVaN5FLpCB-3FOmb-YHiRIkhcS8BXESc	2023-12-26 15:53:12.642367+01
ie8d52lm79uy3oo6kjzqq4lfi39vy6nc	eyJzb3VyY2UiOiJmYl9wYXJreWVyaV8zIn0:1rD48G:JcqMJDr-MqLCVaN5FLpCB-3FOmb-YHiRIkhcS8BXESc	2023-12-26 15:53:12.772181+01
u7d779d9hbhnao8ygxbfemeevy6s97m9	eyJzb3VyY2UiOiJmYl9wYXJreWVyaV8zIn0:1rD48L:jywN3CvP6aNIARTqyi479WxbSCjSPDsNuIxVtxPqW0s	2023-12-26 15:53:17.871522+01
8t2osckq3ycozd3eq5jgi1klanehh1v8	eyJzb3VyY2UiOiJmYl9wYXJreWVyaV8zIn0:1rD48e:xzXs-i_oXpiSwcT84ppxYraSi4blOG34JQ8ZjaUcPsI	2023-12-26 15:53:36.219448+01
s6mfiozlynet6q3kiu6uuqqncuchk5g9	eyJzb3VyY2UiOiJmYl9wYXJreWVyaV8zIn0:1rD494:rmkAluL4BtEOndDBwvpLxUZdcHhYUO_onjjq1pE4Wt4	2023-12-26 15:54:02.462758+01
gze8jhe0ieu87kf2d9lwf0m1eee4gudi	eyJzb3VyY2UiOiJmYl9wYXJreWVyaV8zIn0:1rD496:m6vgNvPC9xRssb19Kff1Sid1eO0axuy3tWWc_TxCXCo	2023-12-26 15:54:04.91507+01
1h1ybz719xs0njn3f5uos8nd5zzaok8s	eyJzb3VyY2UiOiJmYl9wYXJreWVyaV8zIn0:1rD499:cKOTLWLrTbnxwKq4BGx_BZYZ9ijKt4aHwQsUdTCOzGY	2023-12-26 15:54:07.209235+01
7k5fnkt3vkcdgbkznunzedm3e9qlr690	eyJzb3VyY2UiOiJmYl9wYXJreWVyaV8zIn0:1rD49e:6e5HwYRl0MNUqzpWb1LfyxoO-B_pXgzt1IxNrrGD1XA	2023-12-26 15:54:38.927209+01
w3y4d9iddlkacj0ef1hc81o1ql93a7xh	eyJzb3VyY2UiOiJmYl9wYXJreWVyaV8zIn0:1rD49i:IqKr94oVkbTpK3ufidCpDb2XtWFCnEmHdAKfPvubDeM	2023-12-26 15:54:42.460237+01
4oninn3vwbfhncm1dplhzt5ln7gg16gn	eyJzb3VyY2UiOiJ3cF9pYXRpc2FtXzEifQ:1rD4BV:UOq5aeVUqjRpWAx3pSGm2y3BiCgr6gfPsRp_dpNNXR8	2023-12-26 15:56:33.130286+01
0pr75uzsa9orwk1x524pw976jvxfjwxc	eyJzb3VyY2UiOiJpbl9wYXJreWVyaV8zIn0:1rD4FS:hKOGGr66lxIZYI5Zoxr6Dydj9v5etzpyQnd-brjmhck	2023-12-26 16:00:38.11218+01
jskzw3w8usbwsrmd8j08jjg7ejl3y5fu	eyJzb3VyY2UiOiJpbl9wYXJreWVyaV8zIn0:1rD4G1:8XBwbC60VJmo-8tCAVQXzWykP0_6MpvNiUCt4wM9bn4	2023-12-26 16:01:13.667168+01
zyajr5eljupsx9cupt5sod1bjx1t432s	eyJzb3VyY2UiOiJ3cF9pYXRpc2FtXzEifQ:1rD4Ho:RKyO95H66hWRTIYY1m3GKZAQhLaVtBLovH5zbBcui1U	2023-12-26 16:03:04.934339+01
kn8dz6gxcx2cjf48hr8ybzu2huw11u7m	eyJzb3VyY2UiOiJ3cF9pYXRpc2FtXzEifQ:1rD4IQ:-jvnHe5aJx3XuGH96gyj1fX4ZP2fSIPdglAFoHPKCyE	2023-12-26 16:03:42.986665+01
3q4ikprz992uoiwydjhot92yw2fywewt	eyJzb3VyY2UiOiJ3cF9pYXRpc2FtXzEifQ:1rD4KF:p9UqoaCoMmwu8s88QIbJLvzmwERBPw9309_PcoATS2Q	2023-12-26 16:05:35.899912+01
pw2zba1pcljn9ih25yn53s5tn59iw75d	eyJzb3VyY2UiOiJ3cF9pYXRpc2FtXzEifQ:1rD4KZ:71gsONlRIn_BL5PAEHoQosSCWZZq6Y6DrbbFvrVV7ng	2023-12-26 16:05:55.031522+01
7s78tja62vrci4kiqwg37wljv3r5vz6d	eyJzb3VyY2UiOiJmYl9wYXJreWVyaV8zIn0:1rD4N5:nM73L-FqoN8BLsB5TcUQ57YHQ9gmdBGOdVkNNc3ZuB4	2023-12-26 16:08:31.626379+01
isbkgrvpi0t46rz9hlu68y9wawngtye7	.eJxVjDEOwjAMRe-SGUWOoxaXkZ0zRHackgJKpKadEHenlTrA-t97_20Cr0sOa0tzmNRcjCdz-h2F4zOVneiDy73aWMsyT2J3xR602VvV9Loe7t9B5pa3GgUBiVicsgCpwqgeqY-OKYJ0_RmcemGCBAN2XsatoEFJGL1iNJ8vEFA4Qg:1rEbv8:SF0RxmsgLQF0WI873yWva80YksgLNtYtnSnZEbqKkHY	2023-12-30 22:10:02.701803+01
l0xd3rd1l5paoabou1k7tnkncr25bh6i	eyJzb3VyY2UiOiJpbl9wYXJreWVyaV8zIn0:1rD4XL:BS7UyImmrkmsxr6nS98wnJHSx7VG12Z-8tAzZUkpiX0	2023-12-26 16:19:07.475592+01
91dpmki49b965ey4dm928hnl621kaz39	eyJzb3VyY2UiOiJ3cF9pYXRpc2FtXzEifQ:1rD4Yp:vZgaQUqhBi7x_dKthsKsuRADk1nBT_N6nKa-v0iIQhc	2023-12-26 16:20:39.672207+01
y5ok01w34ppv8itpx35yrot4jnm1wtsm	eyJzb3VyY2UiOiJpbl9wYXJreWVyaV8zIn0:1rD4jB:QqyR6di8xnaAnyhiperQpzikYU7Pjd6BJe3nbxE5knc	2023-12-26 16:31:21.673087+01
uobv6nslzkj6tnh4vnxedusv46nrl67b	eyJzb3VyY2UiOiJ3cF9pYXRpc2FtXzEifQ:1rD5bZ:myOKkYgwabZR20qa8G62fly_UPk5KIfpvp5IIbhApMY	2023-12-26 17:27:33.830059+01
sxvvioll0l4l4tirgt6v23zb7wl2d6hh	.eJxVjDsOwjAQBe_iGlk4_oaSnjNYa--GmCA7spMCIe5OIqVJ-2bmfVkra43EbixlP0OdPlSTl-zCPKzL6NdG1SfceKfOY4A4Ud4JviA_C48lLzUFviv8oI0_CtL7fringxHauNWBpLZaymuEiFb0erCE6ECTikoO1hgkIgHOYKf6aAJp5RQ5K7RzQTj2-wNsREEG:1rD6Mz:CgO__foamcTgt4kNsb2o6OPI8iMgTANEmsAubNhAnT4	2023-12-26 18:16:33.727907+01
io17t0n3wvj419ogeeixftemwt3m6mui	eyJzb3VyY2UiOiJpbl9wYXJreWVyaV8zIn0:1rD8IC:Ic0HqINSb_6q0OSV2jJBhNna8CrWy9JUih4OSE15xxg	2023-12-26 20:19:44.564302+01
txaks1boo0jbv4x2ma0fhmm933tcn010	eyJzb3VyY2UiOiJmYl9wYXJreWVyaV8zIn0:1rDKaA:c_d5Olyhv4tYH-lwJqU_iO10gc7xty8dZt6wXG7aQD4	2023-12-27 09:27:06.6658+01
tokn4lcgilbr2u9nzr95xjl807g4l62e	.eJxVjDsOwjAQBe_iGlmWf1lT0nMGa71r4wBKpDipIu6OI6WA9s282UXEba1xa3mJI4ur0E5cfseE9MrTQfiJ02OWNE_rMiZ5KPKkTd5nzu_b6f4FKrba34AwGEvFAANAGIw2xSqvXNLBEmFhD5oz9qJiJF_IdUg5QIDilBOfLwV-OFI:1rD9qF:lWmHgiryLzk86vZFz7nsgWz-EdLA00GJz_EjsI_YF2I	2023-12-26 21:58:59.433596+01
m3s1tcmo4xlnkpcvx5e804enkw8xw9c5	.eJxVjEEOwiAQRe_C2hApDExduu8ZmoGZStVAUtqV8e7apAvd_vfef6mRtjWPW5NlnFldVOfU6XeMlB5SdsJ3KreqUy3rMke9K_qgTQ-V5Xk93L-DTC1_6ygWAlh7TpQ4mB6mIMxIIC45OwXvWUQMoefO9clHAYdOMBhAjAbV-wMgFzhY:1rDAA5:evOB8ieFYO96H7zRioy9mjdk8rm9PuW--LmGnOaFRT8	2023-12-26 22:19:29.319554+01
ubwdsgtip1m2b6znox6a3dwnqotz71tm	eyJzb3VyY2UiOiJ3cF9pYXRpc2FtXzEifQ:1rDFNq:4lA0CSDqet_KPYGaDWCdz30x5rd2tMgJQ3qrTIrc7Aw	2023-12-27 03:54:02.384108+01
y6efhm827biuzr77ch81r2gm857kir49	eyJzb3VyY2UiOiJmYl9wYXJreWVyaV8zIn0:1rDMX9:NA7oyySxE3M1wjcnIZ1bjT5RiFAR3FA1yzVhZl7AA7o	2023-12-27 11:32:07.73975+01
7gd24fvcicnclktbjs6aooxm5exdfxhu	eyJzb3VyY2UiOiJ3cF9pYXRpc2FtXzEifQ:1rDN7e:CgrhaKoQNpb6nxcid-fhHii0NXmaVaZ-PYZNB72w5CM	2023-12-27 12:09:50.220914+01
33n426etuivj5kf3df6qjh9hapc2ki32	eyJzb3VyY2UiOiJmYl9wYXJreWVyaV8zIn0:1rDNkw:9Cl9Xnqps7JnPAgF72D0Jq4Vdz17rt43MI0MPltou-U	2023-12-27 12:50:26.173416+01
uq627ok2advkusd4w2vlq3dlbk2373xm	eyJzb3VyY2UiOiJ3cF9pYXRpc2FtXzEifQ:1rDNxz:YFDeAAjeWQ-KpYG4N13QEL_YCnHe6vzNb_ObY7PdG3w	2023-12-27 13:03:55.18187+01
wzjshcm19gp9d37tnqe2p23u3dxi93i1	eyJzb3VyY2UiOiJtYWlsX3Bhcmt5ZXJpXzEifQ:1rDOia:NS4fGwHMMzgh8C_QiLJwYnm_uBglQzkxtp6Ku-JMBr4	2023-12-27 13:52:04.217338+01
9p2r5pxndqzn0n8qn992qfn37c061z9e	eyJzb3VyY2UiOiJtYWlsX3Bhcmt5ZXJpXzEifQ:1rDOj2:c-p7Qr6uFU55cadNAbBcg8ouvvoRSsjPrAwycrH_1Lw	2023-12-27 13:52:32.230452+01
vwvxn0915ueyt4b38rteiybi7ykvqsvn	eyJzb3VyY2UiOiJtYWlsX3Bhcmt5ZXJpXzEifQ:1rDOuq:h7E76XIPVvtQSxWgmfwagSyaqDgcx-7POYdw7bg8R5A	2023-12-27 14:04:44.062873+01
xcfk9vr6ar2w8ofn77krxt4u3qlkqu65	eyJzb3VyY2UiOiJtYWlsX3Bhcmt5ZXJpXzEifQ:1rDOwA:tU_nR7X80PcCK7C9I2CmCKfHs8dfnTxY7aimgJGSwdM	2023-12-27 14:06:06.912676+01
jacyo7vbgt8jt7litc2racnee1x2o2o1	eyJzb3VyY2UiOiJtYWlsX3Bhcmt5ZXJpXzEifQ:1rDPDe:POLWaULwWnV4UEjJplb7qqV7CZoOrFyEUVyvVC34hi4	2023-12-27 14:24:10.217558+01
n9iaxsv31rq2hwptzmzj5smpg4m9vnq8	eyJzb3VyY2UiOiJtYWlsX3Bhcmt5ZXJpXzEifQ:1rDQQj:8NjHMUMnnff29C_UKrSpVnxm8CIPELHAG54m0CREACg	2023-12-27 15:41:45.449577+01
g65vh11de00hnpympvyd4h5engpybebu	eyJzb3VyY2UiOiJpbl9wYXJreWVyaV8zIn0:1rDQYe:ZIs-Xirg1FAu1C9wERXpAbvcqMnuX60VpvE9N7CE3CE	2023-12-27 15:49:56.843454+01
8ysfw8iry8cothqztialg5bkydzsc7d9	eyJzb3VyY2UiOiJ0Z19tYWhzYV8xIn0:1rDWBW:DJI8WvENQUUK4IvIgtL103EmYNuYQCS_A5hMUHUImBY	2023-12-27 21:50:26.154083+01
uo505p18tse2989vwwrffqe3i1r9g0gm	eyJzb3VyY2UiOiJ0Z19tYWhzYV8yIn0:1rDWBl:FB77RfjwxyQ2lHIR2J0HPxhxrObpfGyKeLI_pXnYiBM	2023-12-27 21:50:41.05626+01
9yz6lqko3wlgidjmwienjkq0b36anee1	.eJxVjEEOwiAQRe_C2hCgDIhL9z0DYZhBqoYmpV0Z765NutDtf-_9l4hpW2vcOi9xInERJojT74gpP7jthO6p3WaZ57YuE8pdkQftcpyJn9fD_TuoqddvzUoPGa2B4DJyISAiD0XD2fFg0WMqnpm8MgEhKFfYWacBgYoLWhvx_gAqBjh6:1rDQR6:LxLj03L_sApCk9YGNU_rDwbYBW0xo8f539AWWw8Oz08	2023-12-27 15:42:08.679303+01
4cyg3lg2xmmuhqiuh8thcfm7aaxqlegd	eyJzb3VyY2UiOiJtYWlsX3Bhcmt5ZXJpXzIifQ:1rE70m:Yc3V6iMRPXiBiyNPSogd_YZJcvpQi5_eOsJTbw_3Rqk	2023-12-29 13:09:48.768685+01
49n6m0l1gwhf12okc3i9tagv5cuq8a25	eyJzb3VyY2UiOiJ0Z19tYWhzYV8yIn0:1rE78b:QSqTyChBic80z9vqkMAM6fRViB_aTUUghfeX4qrJ0Rc	2023-12-29 13:17:53.961094+01
xpx1axh2tqovz1ip6jjq8l8yaufrj2vz	eyJzb3VyY2UiOiJtYWlsX3Bhcmt5ZXJpXzIifQ:1rE7OQ:vPVgfgENsRAOu5LiN_QlFXBmSAZigVWKSJERi4fV5CE	2023-12-29 13:34:14.211442+01
dbexi4re1mgq7b4b5q51qz1qj6zpzl6x	eyJzb3VyY2UiOiJtYWlsX3Bhcmt5ZXJpXzIifQ:1rE7R7:RuRGsqG1FLtGfj_JVtKXgmuZcJ7vKqQUugzGjuFuzlw	2023-12-29 13:37:01.121055+01
2viray1kqum6qs9b2xx3e445w2rz1ctl	eyJzb3VyY2UiOiJtYWlsX3Bhcmt5ZXJpXzIifQ:1rE7Td:QH9m93anrBJ3rp3smYpkdZHg7jeVjMRKiCzEXaF-zSs	2023-12-29 13:39:37.607873+01
9uv6idehgqm3k6mae8nz2c7bbvy61b3u	eyJzb3VyY2UiOiJtYWlsX3Bhcmt5ZXJpXzIifQ:1rE7VM:jFF7nMdpHQxBQYZFAVoqQa6fzJaaag1jgUtsQEWGE6o	2023-12-29 13:41:24.520938+01
kc1utt7a8h9597gbui2whopvrex73wap	eyJzb3VyY2UiOiJ3cF9pYXRpc2FtXzEifQ:1rE7kV:etY0JBcUpcztKE-VP7tSGx3SBH0NB9aO0Jsva4-YFgQ	2023-12-29 13:57:03.731463+01
a0ccota75eegtu4zdl7s54tqx0vv4jiy	eyJzb3VyY2UiOiJtYWlsX3Bhcmt5ZXJpXzIifQ:1rE7q0:aaTUihlkuXWzhT5I6Kov-niJZbyKVXA0AYDZWGRtbtg	2023-12-29 14:02:44.430916+01
01klf17m4dqpk513qjc3da3t6g896ncp	eyJzb3VyY2UiOiJtYWlsX3Bhcmt5ZXJpXzIifQ:1rE7sT:Oru4Q4zAbN4VBq_aHX55Ajg50VnoGvZAXP4FaaI2nBk	2023-12-29 14:05:17.537644+01
1or457bks1q6k55fimafs6k627my0hhl	eyJzb3VyY2UiOiJtYWlsX3Bhcmt5ZXJpXzIifQ:1rE8IH:xP3gfzR4r90pDrLkVGZFCa7dTS46SR587cZ00WT6UTE	2023-12-29 14:31:57.438678+01
rechh21qkqaoqu3kh6vknd25ifrtfnn6	eyJzb3VyY2UiOiJtYWlsX3Bhcmt5ZXJpXzEifQ:1rE8tn:CLU7Jcu26t0ulIZpq3PcTrt3gmAz3a-iBt4DI5QBKTQ	2023-12-29 15:10:43.509458+01
x4bxkvj9smstkfcu6e98x0c7p7ql97qf	eyJzb3VyY2UiOiJ3cF9pYXRpc2FtXzEifQ:1rE9xT:gQAGVzQnqZnoRlmt7LDyZ4OYhdEL0CGI7aIIlDf2pj8	2023-12-29 16:18:35.567392+01
9u2qarwrjd8m5cgfc0jk2kxrybtnhxt7	eyJzb3VyY2UiOiJ3cF9pYXRpc2FtXzEifQ:1rEB4s:ldLV5aY_AZKTcCqhUm-kGjUxoGzhy15ZlPDjqAjywGU	2023-12-29 17:30:18.150314+01
9n0gqhuojr3j004qcwn1qeq4bxrppmnk	eyJzb3VyY2UiOiJtYWlsX3Bhcmt5ZXJpXzEifQ:1rEEE4:7UAR18zh8j6SVByzigZcJKDNiRuObVX2kgu_aR1sRN0	2023-12-29 20:52:00.514234+01
nldugejaz2qh3ih6prvnp8ddsdvp4tqq	eyJzb3VyY2UiOiJ3cF9pYXRpc2FtXzEifQ:1rEGDj:a43ReW9z-LCNcOfBYGo0a436GurXqpZcQdHt7LWegLs	2023-12-29 22:59:47.427763+01
8wwmh254sgrlq1sb3o7y9jj8zrqdjx70	eyJzb3VyY2UiOiJtYWlsX3Bhcmt5ZXJpXzIifQ:1rENtW:LAxhh1kvhjtXEbdBcfR1hbEIIAizb_xdAhpVakB_YII	2023-12-30 07:11:26.745637+01
lgx651zb8v82ge87adkxxva0f5761xey	.eJxVjDsOwjAQRO_iGiL_jSnpOYO1m10nfBSjOAEB4u4EiSbdaN68eYt0g1ofZaQ0cuUpTeXCg9gLfL7g3m2zV9pBltn6jBKjV9nGTJqsanWILDYiwTz1aa48phMtplp3CO3y-AN0hqErTVuGaTxh85s0f1qbYyG-Hv7b1UEPtV9swFayBwJEzMo7z9Z4Z4xxmqRRu50MZB0ZiByMls5FAy5ThBDUEll8vmMtTRE:1rEOFZ:XqY9EE2weV2SpkZN4Y3JwJrGyn00I8DnOWtEsi_2j2E	2023-12-30 07:34:13.349774+01
94p0aikjkg8q85qfrct8w6kxtzgkity0	eyJzb3VyY2UiOiJtYWlsX3Bhcmt5ZXJpXzIifQ:1rEQKQ:C7kBx43Zs89wY81v7nz2vzGelWPGPlSDK8YZTDiPlv4	2023-12-30 09:47:22.985172+01
sxnpa7q89srpxvbzew923a7gxgzzu8vb	eyJzb3VyY2UiOiJtYWlsX3Bhcmt5ZXJpXzIifQ:1rESHS:WRNhbtL-x0wI2LrWf3jS7G3IiU5lQW5SwdLF7834DYc	2023-12-30 11:52:26.547643+01
elhlfn0s2bxn9g1deewsv0946y6r3rqf	eyJzb3VyY2UiOiJ3cF9pYXRpc2FtXzEifQ:1rEUoF:6AtA9-a62MN5TgGKHLTzlueBFCzwRyrnLGTxJljNUxY	2023-12-30 14:34:27.279359+01
1jpwldv1pzmg6hnw3mru4gv924ljqc02	eyJzb3VyY2UiOiJ0Z19tYWhzYV8zIn0:1rEWDi:zqe4t9kpvxWaQpdvhvYqvU7pmHxdLaOKi1DePC0DYdg	2023-12-30 16:04:50.634504+01
ly82lgmgah04uscbmctzdknwe2xfd5sz	eyJzb3VyY2UiOiJ0Z19tYWhzYV80In0:1rEWWC:WuuA_yh7e7MV_wqTSRPuIHS6hh82RaRcHi0bffgdCHw	2023-12-30 16:23:56.809048+01
idd2d00dye3vfm713vb51aj5nm2li0d1	eyJzb3VyY2UiOiJ0Z19tYWhzYV80In0:1rEWWq:mIkJKHBZ463JrbUsCKmFa73dgannN93bUvv2Ia1njFE	2023-12-30 16:24:36.65409+01
qh2xbdamg9g0ho2zw1y0rnndcwwcz039	eyJzb3VyY2UiOiJkY19tYWhzYV8zIn0:1rEWXU:i_R5kaqBsCIax4xVevggn8Kn1nHYUEmA0K7UhtxOGaA	2023-12-30 16:25:16.755958+01
1stwow79ultwed48iaocgrxgzyilq6lp	eyJzb3VyY2UiOiJ3cF9tYWhzYV8wMSJ9:1rEWYi:NfCUaZF3tILPPfgk4pmkYG8MMb7n6jQCYGH8WvFJcg8	2023-12-30 16:26:32.87127+01
61lgobz174a66ie5aerfnr2lj0lt7chn	eyJzb3VyY2UiOiJ3cF9tYWhzYV8wMSJ9:1rEX6a:FvAN4SGIrB-4qXXqea_J9GecSIYs8-drrhKocc6Sfpw	2023-12-30 17:01:32.537021+01
3tyzrmat7npk3a8hqydjhrqp9te67er3	eyJzb3VyY2UiOiJkY19tYWhzYV8zIn0:1rEX7S:uViZgjPtdyuCOg9YmoFrghY7AushF0wXSlWkpUfEZcg	2023-12-30 17:02:26.23647+01
pbvxxmq1gx0igcbew6bzdzwv5hi1j48k	eyJzb3VyY2UiOiJ0Z19tYWhzYV80In0:1rEX88:fsRiFH-h9fqUqVyzLBflVwo3Dl9nyscesBH2_j2HvwI	2023-12-30 17:03:08.727545+01
bsh4gu2t76xsedvy6rxs40efinbq272n	eyJzb3VyY2UiOiJkY19tYWhzYV8zIn0:1rEX8M:lui-s5--poo0g-z6pXWR_Z355smnWnz86QCFzg9pBMk	2023-12-30 17:03:22.230107+01
v9obrzse9ugye3ug3a7hunw4591d5u6w	eyJzb3VyY2UiOiJ3cF9tYWhzYV8wMSJ9:1rEX8g:ZeaNTyl94YeDDcqGNvsY6yQnqmoFxFUs0B2aL9aWWZw	2023-12-30 17:03:42.674654+01
tdudcxcvd4y5u5vdwrmkd7fmb7rikymn	eyJzb3VyY2UiOiJtYWlsX3Bhcmt5ZXJpXzEifQ:1rEXjU:UJtT5bxSeN1DV8bDau2kbua-r7Zmgm-fv7vSn01DbmQ	2023-12-30 17:41:44.501826+01
hs7zhtv6nh3vriys1dadbiz8sx96n962	eyJzb3VyY2UiOiJ0Z19tYWhzYV8zIn0:1rEYAl:gx7sqi5pK17H7FmqgsqcgfMwHRfGnokJHGLKkvoEY2o	2023-12-30 18:09:55.400563+01
6mryis5jvfpbph89e64hgd8rlr3ajaq9	eyJzb3VyY2UiOiJ0Z19tYWhzYV8zIn0:1rEYzh:1gIE-QGRuyi-BHE7MY954h6CAu3g4mIX8vRrRINs4GA	2023-12-30 19:02:33.173782+01
s4e1hvv698q0wp5fi24flbrhj63jke7c	eyJzb3VyY2UiOiJtYWlsX3Bhcmt5ZXJpXzEifQ:1rEbpE:I4SJAa1LD1qnBs_4ll_ZbQl43a_9oJJ5Vt3HJMPkAx4	2023-12-30 22:03:56.254557+01
8vmw9hsc2f1z5ccnxi7zgv3dto777onb	.eJxVzMEOwiAQBNB_4WwIUOkWj979BrKwW4vVYqA9GOO_2ya99DrzZr6i5qVEFhfxwvT0byzjh0vyRpyEx2Ue_FK5-ESraNwxDBhHnraGHjjds4x5mksKciNyb6u8ZeLndbeHgwHrsK4dUETVGyLLGiC00LbKsLOEnQMb0FmtOai-UVoHYzWeTUewSowNdFb8_vO4QSg:1rEdLy:qneO_V5w6p1Yo_xWGpkJo0O589QDi6jwmxyZDpAWlCw	2023-12-30 23:41:50.566733+01
aofxrhzz0f08hacuad6ach2qe5jovc2i	eyJzb3VyY2UiOiJ0Z19tYWhzYV8zIn0:1rEgod:Fqczd3hTTNONP3I9A4XXHIS-KpVeo8A63hJHyP0zQpQ	2023-12-31 03:23:39.946571+01
doqyu905tbpv7qk28h8tpqfwwg9hxp38	eyJzb3VyY2UiOiJ0Z19tYWhzYV8zIn0:1rEgoe:mXsRX0dLixB4dx7epVqyCmG0psCGq2WrGfTzauWnPv8	2023-12-31 03:23:40.416634+01
snuyvtpr64a69q4us321lsl6za2w00z0	.eJxVjDsOwyAQBe9CHaEFoxhSps8Z0MIuxvmABHYV5e6xJTdu38y8r-h1bZHFTSyT_2Du6AdxER7XJfu1c_MzbdDAeQwYX1x2Qk8sU5WxlqXNQe6KPGiXj0r8vh_u6SBjz1sdYLAO0Bq4KlLj6JQGg0ob0sBpRKLESekQKVoTEnAMivUAuGUOLIvfHz0xP28:1rEiNG:9gvvcvKbGackXqtQqvKWUn6kpfmc5DRS42cMvQHfWwo	2023-12-31 05:03:30.978308+01
b36d14binu9d1yz47um2f18xqki9m1lm	eyJzb3VyY2UiOiJ0Z19tYWhzYV8zIn0:1rEjfp:WZFvg_ANjYVUzqyBaPwDJx01A82OlEFt8f12Irw4jAo	2023-12-31 06:26:45.482059+01
66jjceuc2fy5r6h1p0qsw81akv30cho0	eyJzb3VyY2UiOiJ0Z19tYWhzYV8zIn0:1rEjfp:WZFvg_ANjYVUzqyBaPwDJx01A82OlEFt8f12Irw4jAo	2023-12-31 06:26:45.482898+01
5tjsl32ntgrwdxvtbpajjr7jwhis15o8	eyJzb3VyY2UiOiJ0Z19tYWhzYV8zIn0:1rEjfp:WZFvg_ANjYVUzqyBaPwDJx01A82OlEFt8f12Irw4jAo	2023-12-31 06:26:45.496103+01
hg999qaelq6cfzkbs0k1yyt2pi14fnno	eyJzb3VyY2UiOiJ0Z19tYWhzYV8zIn0:1rEjfp:WZFvg_ANjYVUzqyBaPwDJx01A82OlEFt8f12Irw4jAo	2023-12-31 06:26:45.522293+01
57ivyt45t56llcuaovv3h49ss5ulcgca	eyJzb3VyY2UiOiJ0Z19tYWhzYV8zIn0:1rEjfp:WZFvg_ANjYVUzqyBaPwDJx01A82OlEFt8f12Irw4jAo	2023-12-31 06:26:45.52642+01
1571t8pk23fh12k27g0caf6klo0c6tc9	.eJxVjMEOwiAQBf-FsyHAUqAevfcbyAKLVA0kpT0Z_9026UGvM_Pem3nc1uK3ToufE7syDezyCwPGJ9XDpAfWe-Ox1XWZAz8SftrOp5bodTvbv4OCvexrC5QFIDky6GRIKmrrhI47MgRog3JaKgMp6iTlKPMQLUGG7MSAbpTs8wUTSDgF:1rF4B0:sdM1GQUDY31Jmg4Q3aPtc-M2VmrYBrcSUPFvn1ZC-D8	2024-01-01 04:20:18.357217+01
xbkpybfz5l3k2fkjfloto099nze3q61v	eyJzb3VyY2UiOiJ0Z19tYWhzYV8zIn0:1rDWBs:-F1IIhzQ1ElAL_rLtP4ltq9D8lUAjdT5hCb9GAHaxBM	2023-12-27 21:50:48.318171+01
62bnfn0zlx7q0ry1bok0ktnz57n6shv3	eyJzb3VyY2UiOiJ0Z19tYWhzYV8xIn0:1rDWCN:me1P6tez9WXNm30soPG5dr2ezBavgg483ZA-fOXgzFw	2023-12-27 21:51:19.842563+01
w3hj2s5lke58e36nfmaujj0yk1biuzdw	eyJzb3VyY2UiOiJ0Z19tYWhzYV8yIn0:1rDWCT:JQWF-dJN4U_P6MniExJTQ7kpcN5Ws3-Ts22ISkI3FXM	2023-12-27 21:51:25.198613+01
f43j4l0n8p967obwhbdcgyub361m3abg	eyJzb3VyY2UiOiJ0Z19tYWhzYV8zIn0:1rDWCX:qtcp7vK-8v0bbDpX72k14n6Pw88koA7MirokJ58Z6ik	2023-12-27 21:51:29.141889+01
3v6w7fekwotjculfda1h0c8ajsibe4ex	eyJzb3VyY2UiOiJ0Z19tYWhzYV8yIn0:1rDWMb:JdO2KsgAzNPAc1xZJ5tfSTkK85LHG2QKYtz31R9tmWE	2023-12-27 22:01:53.932217+01
pbrodles8uvsxzfq2l83euzhnlbvewmu	eyJzb3VyY2UiOiJ0Z19tYWhzYV8zIn0:1rDWMg:UMwCN8mbY-lfDqvFEg6DeNWf2uXEr_pN9cis6k6RltU	2023-12-27 22:01:58.718992+01
2v8otfw6k9o4fgy75vwdzq1uac8kd5j8	eyJzb3VyY2UiOiJ0Z19tYWhzYV8xIn0:1rDWMw:12hAY5FvBthudJWjbF8LpMXNDzdPK6Esgk2O6-57zYM	2023-12-27 22:02:14.322168+01
hr64i10mfm6cega3qgo3icqb8agfgrhr	eyJzb3VyY2UiOiJ0Z19tYWhzYV8xIn0:1rDWO4:deVmpJYdqYfo0GV4e634-RWBFZI_QvN7Rdc8l5mH8-A	2023-12-27 22:03:24.20544+01
mu4k8kasp9htsyqz71nfma4l2u7cz5qs	eyJzb3VyY2UiOiJ0Z19tYWhzYV8zIn0:1rDWO9:fGTHcIJ5OxkXmCskEJ4WhlMROiOlnzihSW7TM9LtGp8	2023-12-27 22:03:29.733866+01
hfcq6ayc9yaubw8ezy1ieeeaclo23puv	eyJzb3VyY2UiOiJ0Z19tYWhzYV8yIn0:1rDWOM:XZLwKCCBDPmg9TYdrCtsATsqdFo8qPhNdA1sryaYuSk	2023-12-27 22:03:42.460699+01
ge6q6pbddnb4xyazwv0dpmw5gozave3r	eyJzb3VyY2UiOiJ0Z19tYWhzYV8xIn0:1rDWbi:sWX3wieOrKiS0wAyPgMtJZ3hJXXwCl6b2tWwqCOwhKs	2023-12-27 22:17:30.237578+01
awk7iteqe5z4lla6zpbbq2g561hbz9u9	eyJzb3VyY2UiOiJ0Z19tYWhzYV8yIn0:1rDWs3:gd30y-CuaZLP3iD8nMFK1L6KpxU0QTGGQfvsG0L8JKs	2023-12-27 22:34:23.057666+01
8b6sow8gjg6rkxr9gii0t14eg2p06jjq	eyJzb3VyY2UiOiJ0Z19tYWhzYV8yIn0:1rDWtu:lqMvJzR_7VDVxkTDtYNaXVXivnv2dAWlv9OWdGLagWY	2023-12-27 22:36:18.664162+01
1daeo9hyo0fefrt61gcmn6bimhrqix65	eyJzb3VyY2UiOiJ0Z19tYWhzYV8yIn0:1rDX8N:a0ev3oMqJ67IGilviJXubA2MR3RX35H7FY41r671caE	2023-12-27 22:51:15.230168+01
c21xl0qucdjelvcerdo8mikek3bgl3xh	eyJzb3VyY2UiOiJ0Z19tYWhzYV8xIn0:1rDXPK:SYqiuKOw_OuvcRUf_6yQZ-47mqmN4gWfPcK7DeYc64o	2023-12-27 23:08:46.412928+01
kbhhp8lbxbbuts0yi7mgv68gv257f1o2	eyJzb3VyY2UiOiJtYWlsX3Bhcmt5ZXJpXzIifQ:1rE70m:Yc3V6iMRPXiBiyNPSogd_YZJcvpQi5_eOsJTbw_3Rqk	2023-12-29 13:09:48.953198+01
qgedhqctzl2tytbu3wpzpeb2iztxi5m3	eyJzb3VyY2UiOiJ0Z19tYWhzYV8yIn0:1rDbUU:S8b70judW6fDo1AJVNvaFYxo0gBAksGWdsM44Zll__c	2023-12-28 03:30:22.423212+01
eckwcuq5do2ioqry1xvwr6f1wx0vycu9	eyJzb3VyY2UiOiJrZ19uYWR6eWFfMSJ9:1rE79w:vcdgyqXnZDt49twXDJiaE8roczaFX1iVETmMEsKeJvU	2023-12-29 13:19:16.011618+01
a4rak37n24rlmtaxj4aykdwvttk38k96	eyJzb3VyY2UiOiJ0Z19tYWhzYV8yIn0:1rDbVI:NWcUh1tlhFpbxnC4BcQT8McZoewwkpfcbtZrpo6ZoWc	2023-12-28 03:31:12.741285+01
qebrg565pscnkmsiu5lhlegnoj380yyv	eyJzb3VyY2UiOiJtYWlsX3Bhcmt5ZXJpXzIifQ:1rE7Oh:F3DDw84sf9CLFgXE_rgVqciSRX_T9Kv29_7CqD1Wn_I	2023-12-29 13:34:31.079477+01
tqw0ldnsksho8p1b3ogdn1p3u1rvejro	eyJzb3VyY2UiOiJ0Z19tYWhzYV8yIn0:1rDbm8:H0tLv9rzHyBnELTvS4bNeBfKu0sEyMbQ64lNGcu-hLg	2023-12-28 03:48:36.841106+01
hmowcbh58tgh426gsvx0hp0e3uu29npn	eyJzb3VyY2UiOiJ0Z19tYWhzYV8yIn0:1rDbmw:UDpwn20x4oCUoKLADIr8lTj1I_Z1x7rA7XOz4LCijzA	2023-12-28 03:49:26.127461+01
scwa23gjkws0fl7ufaj31ti6jbzkit9a	eyJzb3VyY2UiOiJ0Z19tYWhzYV8yIn0:1rDc3z:AhGSU5A7JcYc278iIHkRDvTPCbF8Q0M7kdFQr5CcGVA	2023-12-28 04:07:03.896311+01
8g8fuhgiydqjiaedbent5pcz1tv4oow4	eyJzb3VyY2UiOiJ0Z19tYWhzYV8yIn0:1rDc8V:j4UIlKcxCgcdel2ayfwZL2tRN5sDiaeOvEo1NMEzaOk	2023-12-28 04:11:43.841586+01
sb9nqi6h8p7i4sxagjyt81bunwy0tyxu	eyJzb3VyY2UiOiJ0Z19tYWhzYV8yIn0:1rDcEe:4isDYZiLygP-ap-3JVSbKheYqjaIeVAC0CFsJ9yqApo	2023-12-28 04:18:04.426244+01
hyu5hoezilmneus8vkua432swwue0s9x	eyJzb3VyY2UiOiJ0Z19tYWhzYV8yIn0:1rDcU3:JS-K1II-LqsJ1W6r1fgT2QaEP37-HfnxgYe2zsoirjY	2023-12-28 04:33:59.929649+01
dcb2cdkjdho8y9l0tge5zyp1e2frynw6	eyJzb3VyY2UiOiJ0Z19tYWhzYV8yIn0:1rDd24:QWaFB1NCNoi9FronbCG0P8DfO-uIs98VasQyTLEO-qI	2023-12-28 05:09:08.143639+01
sdx0euq7xzgyaaz1beqoz54vrqbo8lak	eyJzb3VyY2UiOiJtYWlsX3Bhcmt5ZXJpXzIifQ:1rE7RY:7cYASkQssvvoyAHbk6eEYrBb2vVBng93eKSXNu-CWyg	2023-12-29 13:37:28.416883+01
r6c17dkywx3bihghgozzgvvb0g1iwdza	eyJzb3VyY2UiOiJtYWlsX3Bhcmt5ZXJpXzIifQ:1rE7Tt:w57Qz8B4luHRplIEwVV6PpdRpHwh_zElhwR1HhYH1pw	2023-12-29 13:39:53.137749+01
edllzs4pnl654vtt6q5fz73ceqd90yie	.eJxVjDsOgzAQBe_iOrJiewGTMn3OYK13F0w-WLKhinL3gERD-2bmfVXNayFRN7WM4YOpYrDqogKuSwprlRIm3qAz5zEivWTeCT9xHrOmPC9linpX9EGrfmSW9_1wTwcJa9rqxvorEYoQOD-A7UGYbBeZWjGEhl3fICFHarFzJNADGO87MkiDh0b9_nyfQHY:1rDdZ2:LbNLdBO-EoHTpDOem62-vuq4vvjsHenBcD7ffBAfnKM	2023-12-28 05:43:12.663091+01
akrgv8o5czyib9t4xhqh4kff9zlhk8cb	eyJzb3VyY2UiOiJ0Z19tYWhzYV8xIn0:1rDdeq:o6xYtCbViGpahzD6iPzVid6HZ75XtcfiaY7x7QYHq60	2023-12-28 05:49:12.809961+01
xmavml7gk38ddfmvws9psjn0myhxbczq	eyJzb3VyY2UiOiJ0Z19tYWhzYV8yIn0:1rDdiK:ra5p7wh7SRglVoOJoLxtTuAD2WUnCc1bdxreY5Be0qM	2023-12-28 05:52:48.5281+01
b6tkdc1j3rik5wiohsj4qidgyyahd4t4	eyJzb3VyY2UiOiJ0Z19tYWhzYV8yIn0:1rDf8T:K5S4K3ZrlEOQDAU-_XkYkl-JZtjPBy9JiMpAjQoet70	2023-12-28 07:23:53.936516+01
vnlnwnv3zug3ejiflqm72q9rf6edr96u	eyJzb3VyY2UiOiJ3cF9pYXRpc2FtXzEifQ:1rE7X1:eQGOK_RxPtOia2B_dYJECLfcWnNNWtqv6__oGYsN1iE	2023-12-29 13:43:07.267913+01
h6w7tpfgdf720nq6zykwnk7vjvhxqsp6	eyJzb3VyY2UiOiJtYWlsX3Bhcmt5ZXJpXzIifQ:1rE7nv:cDUcnETKtY9eNCwcyg8GI6Kqql909WH24o_NeBMtlXk	2023-12-29 14:00:35.990427+01
qjbzraevf15fewgi6pfkp337dld9zpyr	eyJzb3VyY2UiOiJtYWlsX3Bhcmt5ZXJpXzIifQ:1rE7qT:1NjkfdICS43CyAztDaou0M_CfH4CxHBVX-dAABfBmtQ	2023-12-29 14:03:13.752542+01
9r2x2klogp5hhs9bb6yuqy446bxanobc	eyJzb3VyY2UiOiJ3cF9pYXRpc2FtXzEifQ:1rE7vC:fz5RzqMVcnc0ni0h7huxu9JrJuH7crsr8ENAJbY7qAc	2023-12-29 14:08:06.796528+01
n9vlaq0hqjt2r7l6chwupp0cqmyvo4sz	eyJzb3VyY2UiOiJ3cF9pYXRpc2FtXzEifQ:1rE8UY:POOtcF98Li1t7Oki1kPbycy964yjE1vvTzCHVPesI6M	2023-12-29 14:44:38.033959+01
ddniiw03x4l8j0xi7r36fac6h8n4pt1z	eyJzb3VyY2UiOiJrZ19uYWR6eWFfMSJ9:1rE910:aOyO3b4membaYujHhL3lTYFKHcF6PEbveRvGNKnl-Jo	2023-12-29 15:18:10.074006+01
o2xbs0uazprryvbgt33772u4awpws61k	eyJzb3VyY2UiOiJ0Z19tYWhzYV8yIn0:1rEApA:FnhHprRdCned004UluXoKkxtNzAQquKAMDzEU000stc	2023-12-29 17:14:04.918837+01
bzlzwdwdr7prxrzx30dfk96c7o1coq7d	eyJzb3VyY2UiOiJ3cF9pYXRpc2FtXzEifQ:1rEB9y:G5KhqjhXgk6BL8NGPLZc16Y4cIXx98UYhcq5seQurKM	2023-12-29 17:35:34.048322+01
d3xxpzxa01jpieg50ee890gx04lkeyzn	.eJxVzE0OwiAUBOC7sDaEf4tL956BvMLDYmtpoF0Y492lSTfdznwzX1LzVjySG3lDmtwCZfxgSY6TC3GwrYPbKhaXQhPSnMMe_Ijz3oQXzM9MfZ7Xknq6E3q0lT5ywOl-2NPBAHVoa6NYEFoqrjjEIA0KjVYIFpVnMnq4WrRaAkjOuOmYbS6gEFaraLvmye8PyqxAWA:1rEEGk:BK7seEH72IxHM_2JaAZ6E2ordLCHhnKwAiiz0avScqE	2023-12-29 20:54:46.508335+01
idegknawub232b6pi7pisa33czezqmsw	.eJxVjMsOgjAUBf-la9O09IlL935Dc28fUkFqWlgY478LCRu2Z2bOl7SyVh_JlbwgT-4NdfzEmh0nF-JgXQa3tlhdDpshzHlE8GOcdxKeMD8K9WVeaka6K_Sgjd5LiNPtcE8HA7Rhqy1jHQhjk1FSaSGlVb5nXiMwhtoCj4JLbXnqURuvk1bYJSO5DRZkj5z8_rxiQG0:1rEEQb:eBWzjNZ6owIZFta_L7mM-a1mYMdaC9FmVLylP9de5IQ	2023-12-29 21:04:57.468354+01
4geskxzd6csiecm0q1xdilmk4lv7w0bm	eyJzb3VyY2UiOiJtYWlsX3Bhcmt5ZXJpXzEifQ:1rEHf0:fc3H2KpgeXkal8XWctF7OFwIZfEhX-tmJgxvLq4MVb8	2023-12-30 00:32:02.947684+01
bqcdnrxpikyi5kmjj10jleuv0mrugjfi	eyJzb3VyY2UiOiJtYWlsX3Bhcmt5ZXJpXzIifQ:1rENuN:mFTQEgGKpHhzM21F5-nxyAo2zZ4oGgHs1XOk0JymsPU	2023-12-30 07:12:19.336022+01
sm5e5w6yjj9ugvqqy61b0l36wgvbw3u9	eyJzb3VyY2UiOiJ0Z19tYWhzYV8yIn0:1rFR0r:nBf2UjTkF4OP1Lc9N7w9GglxLA7iiL4YQAEvJIUYCu8	2024-01-02 04:43:21.638846+01
3x9hu5cnbyuav0w9hc6egr4ugu6a9ekb	eyJzb3VyY2UiOiJtYWlsX3Bhcmt5ZXJpXzIifQ:1rE72J:H9dH0LF5O3z_kGHM8Fa3XZ8GFeUG8UJ75uhvZPxnKXw	2023-12-29 13:11:23.384945+01
wmcstkklbji2u75uuco5xu04m111dt82	eyJzb3VyY2UiOiJtYWlsX3Bhcmt5ZXJpXzIifQ:1rE7Pk:JjcW-YdYh9L7qdP3Wzfcw5Vf9RJzNy3BiePJ9EF1RX4	2023-12-29 13:35:36.113246+01
w9jq0hwham0d8vcytauecztull55u0um	eyJzb3VyY2UiOiJpZ19tYWhzYV8wMSJ9:1rGKCm:mT26OVNvqMO5Vb7zQyRqz9gw62zmuuCmkPgdYjWKF7Y	2024-01-04 15:39:20.666047+01
i6gbeajsosc9wrxktsx5yt9p7d35pfmu	eyJzb3VyY2UiOiJ0Z19tYWhzYV8xIn0:1rDhfr:gy5QbW5-0xMFWzZ6oQHvd0cu3Dt0JhEdPDJU6Hdd0d4	2023-12-28 10:06:31.435462+01
f4p3kiplgk27kaehoffrdkbvbtak5bb2	eyJzb3VyY2UiOiJ0Z19tYWhzYV8yIn0:1rDiUc:Ht4RVR7nyRDTBwXLpuMca0kPAMYj2-zsjIgsM-HhkOU	2023-12-28 10:58:58.278991+01
hqsk81bmwln61imzdgxm5k5tdxz3koif	eyJzb3VyY2UiOiJ0Z19tYWhzYV8yIn0:1rDj9J:8wekFggnlAuL79LkcNlVwRHSwDiV433BZVDbQD_UNlw	2023-12-28 11:41:01.277665+01
bs94zwm1nzy7y1nu4fveqbuge4zeihnp	eyJzb3VyY2UiOiJ0Z19pYnJhaGltXzEifQ:1rDkCb:5CxIwo5bg-n9PxKdDR5edU4cjiwO-SnXOQXQupIT73s	2023-12-28 12:48:29.035049+01
0f5pmk89j7tkj6go92bej5g1ipxenzpl	eyJzb3VyY2UiOiJ0Z19pYnJhaGltXzEifQ:1rDkCk:KzontufjT0AleAZkLTo6XjBNfNPl1_fOi373PBdTBAM	2023-12-28 12:48:38.828944+01
ulc96eevn3uypl5jsjt0tjwief5idfrt	eyJzb3VyY2UiOiJ0Z19pYnJhaGltXzEifQ:1rDkQr:ifJUygRhPRv9LV_eYuNX0DnknmjfUe5mcJF4lRP2EqA	2023-12-28 13:03:13.930531+01
ew3cxs9ugwthzq43ltn0eef5cmmt89fc	eyJzb3VyY2UiOiJ0Z19pYnJhaGltXzEifQ:1rDkUV:AGhVqx4n7ykZZMguCJ2-YiTEjM-PNPk3ou7tPbL-jJQ	2023-12-28 13:06:59.732036+01
y9ininuitxt16hcul000ivjefhdlm9tu	eyJzb3VyY2UiOiJ0Z19tYWhzYV8zIn0:1rDklk:gGunabj4j7fQNUozoDP0a3EyrFaKrNVg42_lOiHVah8	2023-12-28 13:24:48.538956+01
ig90p0s1fpkyrewcebqw9dho8ssd61xt	.eJxdjDsOwjAQBe_iGlnG35iSnjNY691NHD6xFCcV4u4kUhpo38y8t2h1nZHFRSxDekFpkLQ4iQTrUtLaeE4jbdD8jRnwwdNO6A7TUCXWaZnHLHdFHrTJWyV-Xg_356BAK1vNZFQkH0gZ9qwJQzyT89Z7Fw3m6EyHSvfKxs4B9jYEC9wRKdaQjY7i8wVIdD89:1rDkmO:aoQz2MgUdhgcmRucb25LIPGiQ40m6lPW7D1xmgg0IZg	2023-12-28 13:25:28.733034+01
ozsges7e7dccfg41cxlwd966f8pbs6n2	eyJzb3VyY2UiOiJrZ19uYWR6eWFfMSJ9:1rDla1:AbSiZ9Lmq_qRe_wOwtvlC0R2nwfvJjgIlv6fmSMwbBo	2023-12-28 14:16:45.495498+01
n59ybxyprjs76ghijdnkm345gllv6rpx	eyJzb3VyY2UiOiJrZ19uYWR6eWFfMSJ9:1rDldL:SZkH4PNseys7Cok-nNRY2azvS48ECZQ88OkziOAFmwE	2023-12-28 14:20:11.687048+01
avdnymofci4cxf67xi4ez3fuphz3y12i	eyJzb3VyY2UiOiJrZ19uYWR6eWFfMSJ9:1rDmIH:AS-voPVZfL157tD-1pLX_wXyH5xUVQXvpu47_Zj_F24	2023-12-28 15:02:29.75249+01
usse6prq8qu3u8pavbteocvlo803brf6	eyJzb3VyY2UiOiJrZ19uYWR6eWFfMSJ9:1rDmIg:hGIbvNEZ5cwwlrRmUAC7L3RaJVukIWpapViCEQ41HaM	2023-12-28 15:02:54.80166+01
yrtaf68nfpzrgfek3wkgmoavlait8khy	eyJzb3VyY2UiOiJ3cF9pYnJhaGltXzEifQ:1rDmK9:bUXplNOdiOARXce34vNGZA4Nes3nwzV2Q3QpaYnRYkk	2023-12-28 15:04:25.938934+01
qn1ukr5wjbn7m939eus6dwdryq6ohav3	eyJzb3VyY2UiOiJ3cF9pYnJhaGltXzEifQ:1rDmKO:gQRIdagcbxvzJNVjJIyKGPeuu_you1kqkZSY3M00T_g	2023-12-28 15:04:40.796354+01
q4q2j1tgmcv2yz6vkyi4je4fgfgsow9n	eyJzb3VyY2UiOiJrZ19uYWR6eWFfMSJ9:1rDn6w:2YXil8oZNwvqwjRjTiU6NYtBJdDkx1fMDg4UinoZGH0	2023-12-28 15:54:50.341319+01
pti4tt6eml6542k675qcobg8e8d80b3g	eyJzb3VyY2UiOiJrZ19uYWR6eWFfMSJ9:1rDnCk:aK_t8KhR0eyqh0bmLOdO6p4yNrc6slYvXgrSoKO1FjA	2023-12-28 16:00:50.776952+01
j1vem4zxctrhshga0ho11111wjytbbnd	eyJzb3VyY2UiOiJrZ19uYWR6eWFfMSJ9:1rDnCt:xeXcmmQB1W2MlAT-gj15Zcg3vawP6FajzzxhmD9Bk7A	2023-12-28 16:00:59.361918+01
y6gzj33n4gjql2le3leihoulslb60f5o	eyJzb3VyY2UiOiJ3cF9pYnJhaGltXzEifQ:1rDnGY:T7QOQbdLhwoH9ix7u803TmHgqzSO9bcKKVgnUeDhFTE	2023-12-28 16:04:46.605619+01
0jzroih8f3996ki33ksa2v7gpznz48un	eyJzb3VyY2UiOiJ3cF9pYnJhaGltXzEifQ:1rDnPk:hO3eXtfd0ZyD4JpU2rV8HJ_CaipTPLRM7njPhIiQ-Xc	2023-12-28 16:14:16.658785+01
l863d1gx4oq8bed7sqvvn74xh03ljfcw	.eJxVjEEOwiAQRe_C2hCgwHRcuvcMZGBAqoYmpV0Z765NutDtf-_9lwi0rTVsPS9hYnEWgxWn3zFSeuS2E75Tu80yzW1dpih3RR60y-vM-Xk53L-DSr1-a4XeZ4LRoYrKpjSCihkcsR2MZs8EqTiTDZEH9g5Bp6JLtIhGowUQ7w8Bgje6:1rDnnr:1uFY7GQhndfPko2EXsiTU-QNhOORi5QVyrEd9CGZrIM	2023-12-28 16:39:11.500722+01
mnknckv6fgnmr3acecbkjkii2ol904mt	eyJzb3VyY2UiOiJrZ19uYWR6eWFfMSJ9:1rDo5C:v_vK1IiBzOYvyVjFcJ1y_Tk8sBgOv5mCrlyP0Z48Pg0	2023-12-28 16:57:06.334825+01
j04695btqgic8txjjl04g44slt8bihlf	eyJzb3VyY2UiOiJ3cF9pYnJhaGltXzEifQ:1rDo8x:eiazf-XbGGfCJ29-c6TBgHg_lnaGKoQnZZifYU8hiTA	2023-12-28 17:00:59.209985+01
82xe5nplmtc3fq1r6aw3m3862i1opcdk	eyJzb3VyY2UiOiJ3cF9pYnJhaGltXzEifQ:1rDoDT:iR20TNl9_i2tg0C_7vEorXE_WqoXKjVioKUi1J8F3g4	2023-12-28 17:05:39.845882+01
bfile1kljgfztdyazp9rf7xu9z1oykv7	eyJzb3VyY2UiOiJ0Z19tYWhzYV8zIn0:1rDoTA:4F1kvDbCC7BYsuYTHr-NTu2PjJQ5LYvbv7LwkahBI_0	2023-12-28 17:21:52.311549+01
l0u3nq7zqqe6pmbw23omek3gp6f9it20	eyJzb3VyY2UiOiJ0Z19pYnJhaGltXzEifQ:1rDpA1:nVhl6zTOusjN05s9s5dm_YjHnTggZ6iMOE3fm1iqIpA	2023-12-28 18:06:09.714392+01
ygn4paphxe8n9qk5b5tpczwkgi0vsoc1	.eJxVjMEOgjAQRP-lZ9O0LNtSj975hmbbXSxqIKFwMv67kHDQ22Tem3mrSNta4lZliSOrq7Lq8tslyk-ZDsAPmu6zzvO0LmPSh6JPWnU_s7xup_t3UKiWfU0pG3HElFIarEMnLTgEAGzYgO0647lFBgrioTGIAQgHDuS93aOozxfsuDeY:1rDrXc:1JheW8BriQiMJTdp_L_W2J_IRFQGxiTNluMC1_fnWqM	2023-12-28 20:38:40.550372+01
r2ud4a8x50svr916j0cdoa93ffx14hj0	eyJzb3VyY2UiOiJ0Z19tYWhzYV8yIn0:1rDxTD:ZMZcaDWfEqHsugbjsmoaLwQFKMQyLUrR7HNS7nhGkKE	2023-12-29 02:58:31.595937+01
9yhg8h21wbyios9mw4c7tnnpp60jcc5k	eyJzb3VyY2UiOiJ0Z19tYWhzYV8yIn0:1rE092:ZeB4WXz0KjTMhrPpkZU9CSRybrtqB4u2v4PFpiXTRnw	2023-12-29 05:49:52.178403+01
ye56m7pfjwof0bygg3rvfwf6gwmp39hj	eyJzb3VyY2UiOiJtYWlsX3Bhcmt5ZXJpXzEifQ:1rE55h:--zgUD5wkGBnho2sfP8QFFytIEVbYlxUU4p1-DdUOJU	2023-12-29 11:06:45.056171+01
8t41d5drn4tuyc1pxx59dpg02qtjpqu2	eyJzb3VyY2UiOiJtYWlsX3Bhcmt5ZXJpXzEifQ:1rE5Be:Aj0Qw0FZPNMi7XtmqOxg5YzrPNOizIPe0DCZHMG2Rmk	2023-12-29 11:12:54.023114+01
qvr9g9fjdqgv4lal3gc1zilye18l8lc7	eyJzb3VyY2UiOiJtYWlsX3Bhcmt5ZXJpXzEifQ:1rE5D6:eJfH7zmfizXZcMtQLkHwZZ9LjobjVnKMiwrkahKhuf4	2023-12-29 11:14:24.70183+01
o98hn8gv458n9ajvm6rsn09g5y4q6oh9	eyJzb3VyY2UiOiJtYWlsX3Bhcmt5ZXJpXzEifQ:1rE5Db:nVemJqOkqqttfyWnzeQNIZp-kvg7OOJ_Rd3KvLLwEH8	2023-12-29 11:14:55.721276+01
d4dponce6bji3b2chy3a1rl6eeio9nhm	eyJzb3VyY2UiOiJtYWlsX3Bhcmt5ZXJpXzEifQ:1rE5Dc:q9qVDN8a1p5jI36jXgd707UOIjbqmN2kQ5YSgvJ-BC4	2023-12-29 11:14:56.523448+01
ay6ohl5jbwzply9dmm23tyck26jbre68	eyJzb3VyY2UiOiJtYWlsX3Bhcmt5ZXJpXzEifQ:1rE5De:ERCBM30DNefd5scw4uHAahsBVmgcIXCnG0bJklWWMDM	2023-12-29 11:14:58.556528+01
4l44lr4wgbt52p3hsv0nueojcq8klq0z	eyJzb3VyY2UiOiJtYWlsX3Bhcmt5ZXJpXzEifQ:1rE5Dj:7PZlUDb1chNmwYjT8MsI5hjOwyv7WvWKiL-OBtQO6V4	2023-12-29 11:15:03.956524+01
0uque2x4fwa8yf1s2wk6utedrq1b9t4u	eyJzb3VyY2UiOiJtYWlsX3Bhcmt5ZXJpXzEifQ:1rE5Ea:NMahGMg-czp8Lj13JWquCgewLxJv6Zwmyi-1xTZp6WQ	2023-12-29 11:15:56.903492+01
lot18xtbrqahh5uqyjj8hpncvqhy7ajd	eyJzb3VyY2UiOiJtYWlsX3Bhcmt5ZXJpXzEifQ:1rE5FB:89KqxXyd9r7S6xSw_8oWLDox0J-bAKnj0vS2sfXL1_8	2023-12-29 11:16:33.795256+01
regjkvzzmz7xiku65xynql98s93i4lk7	eyJzb3VyY2UiOiJtYWlsX3Bhcmt5ZXJpXzEifQ:1rE5FJ:dE_-zWNQSqBohu5nBUks0qUXIdsx_Z3--769b9eUgrw	2023-12-29 11:16:41.629384+01
mkoh5v8fc8t6e4z4ckoeevwgkjhzslmb	eyJzb3VyY2UiOiJtYWlsX3Bhcmt5ZXJpXzEifQ:1rE5Ge:70SjGZgPNIErHI3DY_rHuYL7hviMuSL_2pwDoVPE4-g	2023-12-29 11:18:04.710728+01
xko5p3nmceb0b0jowh6pwtd49pi3y3yc	eyJzb3VyY2UiOiJtYWlsX3Bhcmt5ZXJpXzEifQ:1rE5Go:0tGO8LYq68e9nPIQEOh2dppWF0WOjD9gjIqKbdUprxA	2023-12-29 11:18:14.079804+01
uctmd8qkwpqf8g2zqkz7lf0l6ijxk6m7	eyJzb3VyY2UiOiJtYWlsX3Bhcmt5ZXJpXzEifQ:1rE5Gu:vumTaJYywmy1auMAR6JqOy4c7dvdlbxExwtgo8zShiA	2023-12-29 11:18:20.083685+01
jxd2pmrkj0aa5oqa99jc9i9ty6xtoj22	eyJzb3VyY2UiOiJtYWlsX3Bhcmt5ZXJpXzEifQ:1rE5Gu:vumTaJYywmy1auMAR6JqOy4c7dvdlbxExwtgo8zShiA	2023-12-29 11:18:20.978691+01
jczhpcf88tc0nfxvmnhvwh4akukq91ka	eyJzb3VyY2UiOiJtYWlsX3Bhcmt5ZXJpXzEifQ:1rE5HX:ryo8IncrJWlkCcTdE7qsS8w4ML0Eo5JXe1mPpSFKewo	2023-12-29 11:18:59.239652+01
0dl8tl2jnzlpcl4w6ho8gtxru60ukcho	eyJzb3VyY2UiOiJtYWlsX3Bhcmt5ZXJpXzEifQ:1rE5I5:fEavYw4kjUmwKSpmWdVnDU0uoTIThXSe-qwqlcSJf64	2023-12-29 11:19:33.996179+01
3s6xofw8io6v5x9i2pny2bhryc33jgiy	eyJzb3VyY2UiOiJtYWlsX3Bhcmt5ZXJpXzEifQ:1rE5Ia:SbzabwZqX68DLTQhOIjRwAOOZ2vViElZdU6JI-YTIn8	2023-12-29 11:20:04.754226+01
0kpnu41pal42w4di425s9dgc0l08usn4	eyJzb3VyY2UiOiJtYWlsX3Bhcmt5ZXJpXzEifQ:1rE5OL:jSZYAVcIIOu4W5lW0n2O7yZmeR7ePZeYP-0k716le-8	2023-12-29 11:26:01.154789+01
hwha76pjpbtbxrcbhk8qelaam9hz7fdj	eyJzb3VyY2UiOiJtYWlsX3Bhcmt5ZXJpXzEifQ:1rE5OX:bB-0n6vpNkI9K_Bcnns2GvnTgKakSDfR6O9-rxWYdrI	2023-12-29 11:26:13.537053+01
icj72o4efq7wrfjl3iuivsma8qih5lly	eyJzb3VyY2UiOiJtYWlsX3Bhcmt5ZXJpXzIifQ:1rE72W:0IEp8o0O9k0Iz1i77XutcPyZWsVFFcI9oUk61Gc4pTQ	2023-12-29 13:11:36.182362+01
uvrbcqpe432lveqkabmjh9p2m6cy9hl7	eyJzb3VyY2UiOiJtYWlsX3Bhcmt5ZXJpXzEifQ:1rE5lZ:RcRA6ZVjVgakwv11g7DQsm1DdlZ93pfktmTBa50nhWA	2023-12-29 11:50:01.832541+01
vxewgairyy2hvrijobpvlpt5f1jd11ch	.eJxVjEEOwiAQRe_C2pCCMIhL9z0DYWBGqgaS0q6Md7dNutDtf-_9twhxXUpYO81hyuIqzlacfkeM6Ul1J_kR673J1OoyTyh3RR60y7Flet0O9--gxF62GpV2xDSwAZ0dWu-AVcyUrVGGiaNHCw7gYjQnpzWQwmGjynr2qI34fAEc7ThM:1rE62u:LIaVt3MUzb-KDVeCq5kHmXANv0-ExWIDc3zjit9ax18	2023-12-29 12:07:56.398548+01
t3jm58ao23gwsvuwqwh03mq217jmqjl3	eyJzb3VyY2UiOiJtYWlsX3Bhcmt5ZXJpXzIifQ:1rE7Px:N7Qr-_5NQUG9igv_kNpaIwW5GD1ALpXS3PwJ95jdt-s	2023-12-29 13:35:49.046775+01
attbe2je060bu9k7oyfic34t0po5phof	eyJzb3VyY2UiOiJtYWlsX3Bhcmt5ZXJpXzIifQ:1rE7TZ:iRETl6Qq8_HgtiP_bgyUtkkAneoJYbJYKFIggycl12w	2023-12-29 13:39:33.682835+01
aqslizphpafw2pqhvx2m8t7o5gxr2ofr	eyJzb3VyY2UiOiJtYWlsX3Bhcmt5ZXJpXzIifQ:1rE7UC:SrvJtnvBB6rpzLe3xMPpOXGumUOr82wiLmT1I5ruJE0	2023-12-29 13:40:12.598572+01
u2ol53agplppsk25hf3xmq348zbkwr5m	eyJzb3VyY2UiOiJ0Z19tYWhzYV8zIn0:1rE7ax:vw2mXqKhxIKyjPd6ZBiRUsX6U7cWzxsORmC0QDNCkoc	2023-12-29 13:47:11.808836+01
pdc4llz99fsy85k9mdsek6ob0dkyx5vs	eyJzb3VyY2UiOiJtYWlsX3Bhcmt5ZXJpXzIifQ:1rE7nC:DKcolFJMQRP1aFyaiqWRGlijfrbAOubJtJaIQx5nxlw	2023-12-29 13:59:50.148148+01
891yvzstnez0lyemlfjo78xyvnlv6dw1	eyJzb3VyY2UiOiJtYWlsX3Bhcmt5ZXJpXzIifQ:1rE7rr:9XxZGyeiO3BUoKrLdVKqMOAjQUUBXNgO61qNLcaAHeE	2023-12-29 14:04:39.052026+01
7p7x0wjuybsci4rgubmd9e6qdy6lvfvs	eyJzb3VyY2UiOiJ3cF9pYXRpc2FtXzEifQ:1rE8CG:pTEsEGKasGBKlkGQ6_QLFz0gYsEp_Olm1iO54rXCkqM	2023-12-29 14:25:44.883448+01
6m3xlnqtf9d331ajuo21z8kost1w43xl	eyJzb3VyY2UiOiJ3cF9pYXRpc2FtXzEifQ:1rE8WL:lvFn8BuFgsQRAOtHc-gEBI9Int_hKpHgMYf8NttWdrk	2023-12-29 14:46:29.567639+01
bw9jra243vn6zqgh2s47hkzm12qiewj3	eyJzb3VyY2UiOiJ3cF9pYXRpc2FtXzEifQ:1rE91c:LBRYFBjhVMz9IDBR0Sv3_SSOX0Buo9615FzAmFLiCOQ	2023-12-29 15:18:48.920843+01
kenvf35ubhxed73z2m029j4dhhsoptw7	eyJzb3VyY2UiOiJtYWlsX3Bhcmt5ZXJpXzEifQ:1rEAng:TwooNllqPeBb5_8B2vd1fCtL8b3H5fg9UXZ2LYuvw2U	2023-12-29 17:12:32.121929+01
fo0atlazs6e54h14wpwtdfnbcrvtetfb	eyJzb3VyY2UiOiJ3cF9pYXRpc2FtXzEifQ:1rEEMD:TAxkaM6_FLPV6KzGdTe3f2pDQyQ1vW3flhyd_0_AsD8	2023-12-29 21:00:25.579618+01
o8jnux4mpats5ym8zlo0bnvianrcw3im	eyJzb3VyY2UiOiJ3cF9pYXRpc2FtXzEifQ:1rEErA:3ATuDmBQxh-vU182hFjAa3B8FL20YEbYkIUOoI2R4TQ	2023-12-29 21:32:24.287934+01
o0u7wfk9dy7o8br4fbccpe99fi6qj7lv	eyJzb3VyY2UiOiJ3cF9pYXRpc2FtXzEifQ:1rENFd:rNtkXVoM8rRjo2f74KhW9Iz0xj-4laVESCTHLnMBIS4	2023-12-30 06:30:13.948532+01
ogra1oxpb6rf3woi9gcckw63v74wn2vu	eyJzb3VyY2UiOiJpbl9wYXJreWVyaV8yIn0:1rENyN:zwDa-k72LPAu9FYjAe4LjSv_L4-FXcRSIHsU8-iCFg0	2023-12-30 07:16:27.671679+01
jpuuzqxmhvf44xmgncr3cdeuvsazzmhw	eyJzb3VyY2UiOiJ3cF9pYXRpc2FtXzEifQ:1rEPDX:kEuwEz9E7FvBHoDqibLKZZJqi46mjV4HbBqodB9eakE	2023-12-30 08:36:11.088616+01
79iukf8pm2opebku8xgfxtm5myx9dbi8	eyJzb3VyY2UiOiJ3cF9pYXRpc2FtXzEifQ:1rEQlm:e_H7RE8Pmj7TZSoNad5jpXDs_jDSoJtWbn7Bo1eQGzU	2023-12-30 10:15:38.877367+01
lx5klg7bdmlyfgm75q4b43ei9zhorvg0	eyJzb3VyY2UiOiJtYWlsX3Bhcmt5ZXJpXzIifQ:1rESd7:Kr_wDYnivHmUOxagJWQB6JQqNmf2v7rFU2lNBXJbKCI	2023-12-30 12:14:49.976301+01
7jcoyaclevgacxtp96r1fcf6axci81rl	eyJzb3VyY2UiOiJ0Z19tYWhzYV8zIn0:1rEWCf:G-g2qVUBlgGy5L9hTbMSqFo4ILMocxe9reRt89MprNk	2023-12-30 16:03:45.06124+01
9r739eoid37cr3x1s2evco63qalduluy	eyJzb3VyY2UiOiJ0Z19tYWhzYV8zIn0:1rEWI8:dflTJqGWJw75FtXlYbtzxkJTk6HndBsnsV8qR1SBkAo	2023-12-30 16:09:24.845557+01
98l6179b722nlyrv1igbwdl6lf5jx85e	eyJzb3VyY2UiOiJ0Z19tYWhzYV80In0:1rEWWU:Hp4FT_oH0xZudJ33e5HEbuZQFfVZcn_0BJlurDOjyqc	2023-12-30 16:24:14.946211+01
aqyqsprmx29rztb3et9lvbmr7aukipqb	eyJzb3VyY2UiOiJ0Z19tYWhzYV80In0:1rEWX2:oZPj5qA7Ess39Q4v_st6zHjFSmZ_fWOXE1_oY5t4ZMQ	2023-12-30 16:24:48.861281+01
9516ri07pfy40psknwryzp4r2t2jplv1	eyJzb3VyY2UiOiJkY19tYWhzYV8zIn0:1rEWXf:khC0jwaUTQB92Yq1Z9oziGU2adAtKCM1ReKU5BeTUF8	2023-12-30 16:25:27.208142+01
k84t0gouip5h87vtl04dlz29542bhlwc	eyJzb3VyY2UiOiJ3cF9tYWhzYV8wMSJ9:1rEWYy:z4rt3Wsli-_aKwdtRsEjRHmn1Wl7-1TrU0Rf4rnuF1Y	2023-12-30 16:26:48.893707+01
89agdy6gi6qon8g0gmsbw2xx7i1siwn9	eyJzb3VyY2UiOiJ0Z19tYWhzYV80In0:1rEX6k:PnxlXh5ckePvR5AkgDk9te7iminwuoItgl6R-4qnA3U	2023-12-30 17:01:42.302266+01
0z9n0uj3gph1iyt7xu97ugixtetj4n96	eyJzb3VyY2UiOiJ0Z19tYWhzYV8zIn0:1rEjfp:WZFvg_ANjYVUzqyBaPwDJx01A82OlEFt8f12Irw4jAo	2023-12-31 06:26:45.533734+01
xolt6mqg5ko5g3gpvc2dzazafd5789eh	eyJzb3VyY2UiOiJ0Z19tYWhzYV8zIn0:1rEjfp:WZFvg_ANjYVUzqyBaPwDJx01A82OlEFt8f12Irw4jAo	2023-12-31 06:26:45.555599+01
gbs693a0dskt95gx63w02dlwjxse89tg	eyJzb3VyY2UiOiJ0Z19tYWhzYV8zIn0:1rEjfp:WZFvg_ANjYVUzqyBaPwDJx01A82OlEFt8f12Irw4jAo	2023-12-31 06:26:45.564414+01
0gq4gidvqbxggl5zj80nw72g15wju70i	eyJzb3VyY2UiOiJ0Z19tYWhzYV8zIn0:1rEjfp:WZFvg_ANjYVUzqyBaPwDJx01A82OlEFt8f12Irw4jAo	2023-12-31 06:26:45.567943+01
jngxj7dzrr5ibttuioe9m8gtdli404kt	eyJzb3VyY2UiOiJ0Z19tYWhzYV8zIn0:1rEjfp:WZFvg_ANjYVUzqyBaPwDJx01A82OlEFt8f12Irw4jAo	2023-12-31 06:26:45.603696+01
tdqsyiaz1agibphbh8lo23i6tp4fjekk	eyJzb3VyY2UiOiJ0Z19tYWhzYV8zIn0:1rEjfp:WZFvg_ANjYVUzqyBaPwDJx01A82OlEFt8f12Irw4jAo	2023-12-31 06:26:45.607186+01
w23igyw0stnrttcdi4bj8imneqv5fljn	eyJzb3VyY2UiOiJ0Z19tYWhzYV8zIn0:1rEjfp:WZFvg_ANjYVUzqyBaPwDJx01A82OlEFt8f12Irw4jAo	2023-12-31 06:26:45.608275+01
6x5sktg3dvnch3429oihafvm37te6nd4	eyJzb3VyY2UiOiJ0Z19tYWhzYV8zIn0:1rEjfp:WZFvg_ANjYVUzqyBaPwDJx01A82OlEFt8f12Irw4jAo	2023-12-31 06:26:45.906249+01
y7urpfwgrv7sua18e28jmta2p6al16ho	eyJzb3VyY2UiOiJ0Z19tYWhzYV8zIn0:1rEjfq:aHiVbDYrjaHMX4ifobdbXOZm0LQohgDSqXQVNqcNIB8	2023-12-31 06:26:46.643138+01
p3df2blyomb0029fe20cv49youzqa0ox	eyJzb3VyY2UiOiJ0Z19tYWhzYV8zIn0:1rEjfq:aHiVbDYrjaHMX4ifobdbXOZm0LQohgDSqXQVNqcNIB8	2023-12-31 06:26:46.694655+01
y74r501qgfulcm3t3d97309d62f36j26	eyJzb3VyY2UiOiJ0Z19tYWhzYV8zIn0:1rEjfq:aHiVbDYrjaHMX4ifobdbXOZm0LQohgDSqXQVNqcNIB8	2023-12-31 06:26:46.698172+01
l3w6nna7v8sbjaghr16slqkzxhjrh71x	eyJzb3VyY2UiOiJ0Z19tYWhzYV8zIn0:1rEjfq:aHiVbDYrjaHMX4ifobdbXOZm0LQohgDSqXQVNqcNIB8	2023-12-31 06:26:46.698934+01
fcybuong1bppsphz7sug3v2abjlkxr1s	eyJzb3VyY2UiOiJ0Z19tYWhzYV8zIn0:1rEjfq:aHiVbDYrjaHMX4ifobdbXOZm0LQohgDSqXQVNqcNIB8	2023-12-31 06:26:46.731054+01
zg3gfz7jnx5mr7dq4la7z0z3kq0fhtuu	eyJzb3VyY2UiOiJ0Z19tYWhzYV8zIn0:1rEjfq:aHiVbDYrjaHMX4ifobdbXOZm0LQohgDSqXQVNqcNIB8	2023-12-31 06:26:46.739009+01
ar7seqom6o1w0axhafq551h9trjss6oe	eyJzb3VyY2UiOiJ0Z19tYWhzYV8zIn0:1rEjfq:aHiVbDYrjaHMX4ifobdbXOZm0LQohgDSqXQVNqcNIB8	2023-12-31 06:26:46.741528+01
qrrkhdscri392rn4i5n9w0ot7oandfe2	eyJzb3VyY2UiOiJ0Z19tYWhzYV8zIn0:1rEjfq:aHiVbDYrjaHMX4ifobdbXOZm0LQohgDSqXQVNqcNIB8	2023-12-31 06:26:46.773151+01
1uminyop49cs563uwybjp3jlv2dokq82	eyJzb3VyY2UiOiJ0Z19tYWhzYV8zIn0:1rEjfq:aHiVbDYrjaHMX4ifobdbXOZm0LQohgDSqXQVNqcNIB8	2023-12-31 06:26:46.77619+01
89dskwr04nbnj8zfzv30sikf1p3q5fa8	eyJzb3VyY2UiOiJ0Z19tYWhzYV8zIn0:1rEjfq:aHiVbDYrjaHMX4ifobdbXOZm0LQohgDSqXQVNqcNIB8	2023-12-31 06:26:46.778154+01
t57uu7lm3jl4ce2kzcapn82hqt7g0kkz	eyJzb3VyY2UiOiJ0Z19tYWhzYV8zIn0:1rEjfq:aHiVbDYrjaHMX4ifobdbXOZm0LQohgDSqXQVNqcNIB8	2023-12-31 06:26:46.804548+01
0lqxcoexlfgga0sk09nmls1woz442a72	eyJzb3VyY2UiOiJ0Z19tYWhzYV8zIn0:1rEjfq:aHiVbDYrjaHMX4ifobdbXOZm0LQohgDSqXQVNqcNIB8	2023-12-31 06:26:46.808132+01
la8kog99wo61ka5gyxt5pl0bfxr4ybxj	eyJzb3VyY2UiOiJ0Z19tYWhzYV8zIn0:1rEkns:NPtlw4rFIMumArr3rO4Hf0DpUhAkWL-uAkYnJeitnLw	2023-12-31 07:39:08.009126+01
rgn4ruvhw8g5nwz129mi2pntt0mg4pf0	eyJzb3VyY2UiOiJ0Z19tYWhzYV8yIn0:1rEl9l:qdjNh0Dy4A9eRYWgoRyIuVt0ncsfHefZRrCKTrNDklA	2023-12-31 08:01:45.439667+01
vpfxocbua2lt615ujuzucwmfjewqliv1	eyJzb3VyY2UiOiJ0Z19tYWhzYV8zIn0:1rEmPz:3mPqxZkxIiXYCZRK63_z94jnn_HZucjVaZo8KMplWm0	2023-12-31 09:22:35.969926+01
ks7dun25wbu688d7dc3j52flm52y1zzn	.eJxVjMsOgyAQAP-Fc0MEVqg99u43kGVZxD4kAT01_ffWxIvXmcl8RCtbJRY3sU7-jbmhN-IiPG5r9lvj6uf4l6DOMCA9edlNfOAyFUllWesc5J7IwzY5lsiv-9GeBhlb3r_BkuIOA7veRaPsYLVWoJOxru9MANCkKWFyQ1LDtbNgVXJggNhxNL34_gA2Lj6e:1rEmkR:F45gK7sV-Bf19GlIMRiB4F9spqvGW3QieUDWWiMQnMI	2023-12-31 09:43:43.83445+01
u9iwx2wdaw3nb4j61yyn9wipyiz4bbzd	eyJzb3VyY2UiOiJmYl9wYXJreWVyaV8zIn0:1rEnBi:XePlGxZBVG28jQeC18NgPCwEZqFsnn1EYC6YheK1ivA	2023-12-31 10:11:54.099453+01
dg8fnpvwvrkkoeg85uo26a3lk9iwbrdr	eyJzb3VyY2UiOiJ3cF9tYWhzYV8wMSJ9:1rEoYO:cJ-W4Lj9W-8D2ctSxjCpFBYxxLUB5ZLQIjb_uTbmpUo	2023-12-31 11:39:24.594443+01
u9ugjg4ombb355vc2qspdxij3u0l5x4w	eyJzb3VyY2UiOiJmYl9wYXJreWVyaV8zIn0:1rEokV:yAksiaDJ1sUmVHxy-kDgGnETwmgJPeBycCDFUbQAEzM	2023-12-31 11:51:55.51091+01
ctm147g07b8iwpalvfkbuny0ka4c0gko	.eJxVjEEOwiAURO_C2pAChaJL956BfD4fi9VioF0Y492lSTed5cx782U1rwWJXdgL0tO9oUwfKskJdmIO1mV0a6XiUmhEL4-lB5xo3pbwgPmeOeZ5KcnzDeH7WvktB3ped_ZwMEIdm22MFyCj0roLqMVARoGIwqJqIWt1xPMQIuiu75EEgdbS-kjYLKm8Yb8_6RJBoA:1rEqFX:0ObtQvNSaSAu9VZyfolm2I6YHAoT56HUG6Exv3pSqn0	2023-12-31 13:28:03.071491+01
fhh8sgjrkfrt958x7dkqaewek6hxm5t4	.eJxVjDsOAiEUAO9CbQgPHiCW9p6B8HnIqoFk2a2MdzckW2g7M5k382Hfqt8HrX7J7MIQ2OkXxpCe1KbJj9DunafetnWJfCb8sIPfeqbX9Wj_BjWMOr_RJCARIlltswLjjJSAsihjtVARUSaZSijWFXBnYdBAsagwkaWsNPt8Ae2AN0k:1rEriR:n5vAEI8u5F6D7F7ubx-0xvGCmg0kfnSnd5a_9OyyiPA	2023-12-31 15:01:59.885727+01
pa4kc9dynwc753pl8h2iu587ec6zpx47	eyJzb3VyY2UiOiJpbl9wYXJreWVyaV8zIn0:1rEt9W:fJ1xKaUDqrxMT7v0kfC1CjKAUgA7tA3Zk23OuOq3iEI	2023-12-31 16:34:02.455239+01
u4spghwe0nnrvlkcn7xspj6usdeau3kq	eyJzb3VyY2UiOiJ3cF9tYWhzYV8wMSJ9:1rEwRY:NnDXRSQ8pmg7cktl0pD4Xq3SFeanb7cWzc2zFbqxkp4	2023-12-31 20:04:52.093781+01
nq90djqdtdapskt1ill375uhhjnip98g	.eJxVjDsOgzAUBO_iOrLwJwZSps8ZrLXfIzgfjDAoRZS7ByQa2p2Z_YqSlymyuIjP6BPmVPD2SpyExzL3fik8-UQrtvY4BsQnDxuhB4Z7ljEP85SC3BS50yJvmfh13d3DQY_Sr7WC7toIBOaOTTCKgObcaNe4GnUkR9Z1YNe2UUdjUYWga6VBMJoqB_H7AzqLQX4:1rF4xB:CwZz3UlHR5GaHw2OlvNUDjmuCv8T0pON3i--M-4wP0g	2024-01-01 05:10:05.065011+01
jru41zuziwqsiegizp0rh2nptyqw4v9v	eyJzb3VyY2UiOiJtYWlsX3Bhcmt5ZXJpXzEifQ:1rF7VZ:VmJZfJ7HDO07R9h8mflIuUVD9GFpemh7aeZR-mOVWCk	2024-01-01 07:53:45.049953+01
d5i9qh4gciaae6uuihhkmudbmw8qb43n	eyJzb3VyY2UiOiJpZ19tYWhzYV8wMiJ9:1rGFpl:AtM-Lu8vm4Ul9AsFWGdzXSqw7tmBPgNfTlyLbcuhxvg	2024-01-04 10:59:17.933648+01
a5lrktgbrfwknv2dgcdmov3czfswlr22	.eJxVjMEOwiAQRP-FsyGA0AWP3v0GstsFqRpISnsy_rtt0oOeJpn3Zt4i4rqUuPY0x4nFRVgnTr8l4fhMdSf8wHpvcmx1mSeSuyIP2uWtcXpdD_fvoGAv2xoNhIE1KwDIDkIi8prROWJvhgzaanIUIG8ZdGYKBszZZG9RuZyU-HwBBUw36Q:1rF5U1:B3XnwcJm2mmSG55XiQfF0ZIOHZRuWOHLtraUisppSxY	2024-01-01 05:44:01.131445+01
opf5pqscgjwd9ymnae6cnkw8tq8qcrxu	eyJzb3VyY2UiOiJtYWlsX3Bhcmt5ZXJpXzEifQ:1rF9ON:SE8d8piwda0mjlaFn0IMxKkUgI49rKzVvTMAKE014sY	2024-01-01 09:54:27.52233+01
nwv32kajti562zldsdty51arx1tu3oit	.eJxVjDsOwjAQBe_iGlnG618o6XMGa-1d4wBypDipEHeHSCmgfTPzXiLitta4dV7iROIiQJx-t4T5wW0HdMd2m2We27pMSe6KPGiX40z8vB7u30HFXr-1clisBuUJyhk5eAOaCCwoCpACBJMZdBpc8UYpKKy1QTLZo7NshiTeH8x8N2w:1rF9Vg:KnMQb6ij9XLoQ06qcemkXb-ZZLhXXGxDlwMleLD3278	2024-01-01 10:02:00.340823+01
hj9gl36jmh2a7niolnba81ord7ihcraj	eyJzb3VyY2UiOiJ3cF9tYWhzYV8wMSJ9:1rF9sH:XlzYj1yxwE-UUlLb3Ult9WVJ2vKHbDMp65F8jRoKlg0	2024-01-01 10:25:21.678834+01
9n16t3l33ey0xxscj8g9y3kvi836v1vo	eyJzb3VyY2UiOiJpZ19tYWhzYV8wMSJ9:1rFB7C:TPFGL3VMogvfOiCEKb1FbVb480e17D2dn29UM2Fzrao	2024-01-01 11:44:50.447681+01
hk7hc0nxczevsif8rrzl7zq0y3pbs2tb	eyJzb3VyY2UiOiJpZ19tYWhzYV8wMSJ9:1rFB7N:suUTWZZ5m2k8b9Gx_lQlFYGzihv8VZ3I7OsnS9JU50w	2024-01-01 11:45:01.983268+01
4hvkge495v61c3t7vgydv8kw67vptddp	eyJzb3VyY2UiOiJpZ19tYWhzYV8wMiJ9:1rFB9j:8zpqXUjlDOYyYshb0AZ-1tkrBjDQnrW7DgH6zzDpEhk	2024-01-01 11:47:27.315823+01
1mj0ybzuuaifbgn7dq59egdz997oyn5m	eyJzb3VyY2UiOiJpZ19tYWhzYV8wMiJ9:1rFB9q:yadWpSUgdVKsWHbx6SS_6YcDyeHRWvEHJcL-RYSBBbY	2024-01-01 11:47:34.41654+01
w1eelnpamyvfrh74icyc32nz8nbuia14	eyJzb3VyY2UiOiJpZ19tYWhzYV8wMyJ9:1rFBA2:k4Z1eoNJ66-SRVxIycpLG8e4O_1KhTG3ts0FfN3lRN8	2024-01-01 11:47:46.562786+01
o0it5zczobzffvubfabrf31uhuxaq8fb	eyJzb3VyY2UiOiJpZ19tYWhzYV8wMyJ9:1rFBA8:mGUz181i6nmlMXT4ZE95WzbnImKiNS4C-_bApV1sk2s	2024-01-01 11:47:52.610532+01
9zp4msyjn8tzfb4ifjhqzq5pnrviw38l	eyJzb3VyY2UiOiJpZ19tYWhzYV8wNCJ9:1rFBAK:g40z_IjNs6ExSqqJuEqlXGiEj5PNTUpuwAip0JKAhhw	2024-01-01 11:48:04.941721+01
3l2nuh1jabznbk4erz4hh4c32i6v7lid	eyJzb3VyY2UiOiJpZ19tYWhzYV8wNCJ9:1rFBAP:YqbvZLrn0pIqEWQIRJv1fRMwCra3-QqaW21CJISVLSw	2024-01-01 11:48:09.646206+01
db3262thukiewlx31be1f41wvvcdp65w	eyJzb3VyY2UiOiJpZ19tYWhzYV8wNSJ9:1rFBAd:NsWXr6u9R_imZOJVcKnpRHhrpwE7IhEANasYwrNdWZs	2024-01-01 11:48:23.223477+01
3k6uexvjrvywir4pdkgj29sz39rqrqis	eyJzb3VyY2UiOiJpZ19tYWhzYV8wNSJ9:1rFBAi:N6O3I9abdkM0F8kp7Uywv2dhgvOQYGp6R_mZ34Yq2_c	2024-01-01 11:48:28.297488+01
myjgfeh9fvorp3lm2lun523ayx2vzbie	eyJzb3VyY2UiOiJpZ19tYWhzYV8wMSJ9:1rFBQr:610etb12IOqaP_mStThN8xn1wqRkwbUdms0FVvBD-XU	2024-01-01 12:05:09.368526+01
wu3eqbmebp4zzl56j8asdo8k7hj6vwlj	eyJzb3VyY2UiOiJpZ19tYWhzYV8wMiJ9:1rFBQx:wPruP3PYyZt2PHSdThvdJ0xstweUqAvrzU6b_4qL65E	2024-01-01 12:05:15.254869+01
ob9484tk8h7y452nhepl5zzn6xi7pajz	eyJzb3VyY2UiOiJpZ19tYWhzYV8wNCJ9:1rFBQx:qwtFa_86fIJ-Vp93R1zatPL707zIlp-SiNik-nKjb2U	2024-01-01 12:05:15.859137+01
xoaqeyk13p28v9z2hvriieotktsn6kh1	eyJzb3VyY2UiOiJpZ19tYWhzYV8wNSJ9:1rFBR0:ZHCeg2jeapczCd5pIQJGm9K2fdW-AsbfAJ7HsGJH_3I	2024-01-01 12:05:18.505448+01
e6a5bx8014kreqi9laks3db4egee9kf6	eyJzb3VyY2UiOiJpZ19tYWhzYV8wMyJ9:1rFBR9:6hu1360L0l4GH26_1KfFmuLeS8-pBViERaQe8-WFduc	2024-01-01 12:05:27.671537+01
kv1ho7n17eubxodwkcsopzlpqe29y2re	eyJzb3VyY2UiOiJpZ19tYWhzYV8wMSJ9:1rFBRj:BfEqzut97qC_sc2mNL3PTfFej-6YWIRErrKY9jHjA6o	2024-01-01 12:06:03.762715+01
41o5dagonskjm49kq3y7sflvsq6ogwp4	eyJzb3VyY2UiOiJpZ19tYWhzYV8wMyJ9:1rFBSH:YmBcULirN5Low1DlfCLDmHt7I6E8ocmHKTSiaBaFLxQ	2024-01-01 12:06:37.428133+01
vohfme0nz4jt5rctx147tmlr4iqkvku1	eyJzb3VyY2UiOiJpZ19tYWhzYV8wNSJ9:1rFBT0:4ULmMM5IsMjkp-xJxqX7DLv9sWm_AsJyyWnnCNiZ0AM	2024-01-01 12:07:22.509669+01
hxrn48ramj9omm9lisyr5a55vdx0a52u	eyJzb3VyY2UiOiJpZ19tYWhzYV8wNCJ9:1rFBTg:7N1PSrsvcAdcuADLtRdU94niwfUi1bIxiIolmf6A59U	2024-01-01 12:08:04.447776+01
d4dia8q7q5xlqomvbyy5jlu7il4ej2x5	eyJzb3VyY2UiOiJpZ19tYWhzYV8wMiJ9:1rFBUd:K0Z3EqFRdlTTjMEnG6DyJiGUc2TmIA1-2RPgZoZIJzI	2024-01-01 12:09:03.63476+01
msr15c39adl9s7mmx01imt7n3891idc7	eyJzb3VyY2UiOiJ0Z19tYWhzYV8zIn0:1rFD1J:zGDpEMfNu-xM5mHsoi_r3VvgW0YIh7Bv1idV96FdZhc	2024-01-01 13:46:53.590474+01
xev1ptot4nww7skvn8kaqimn04zul2bw	.eJxVjEEOwiAQRe_C2hCGUhhcuvcMZBioVA0kpV0Z765NutDtf-_9lwi0rSVsPS9hTuIsjBWn3zESP3LdSbpTvTXJra7LHOWuyIN2eW0pPy-H-3dQqJdvPcA0ASjQRDo6ZAfOs1UjEjpUHq3RqIC99lphHCCRGfwIxpB12jCI9wfQJzYh:1rFFgD:5QDhPsuZuOs17IIBCZauctBsbtnLugHzL-YsCWQX8UY	2024-01-01 16:37:17.574507+01
ea1xrgfrc44drep48zb26f8mdmv195he	eyJzb3VyY2UiOiJ0Z19tYWhzYV80In0:1rFQAV:rQ9voDVIIbzD7wYRE326QHfMovb01f2whky2QXCGp_0	2024-01-02 03:49:15.030416+01
66q6w4pub8b3c3j3raiggs6gmajg12td	eyJzb3VyY2UiOiJ0Z19tYWhzYV80In0:1rFQFY:1-tU4ICvTodysBAXMA3uKd370XdvTkcEfkuk-0DcLzQ	2024-01-02 03:54:28.107385+01
b3vm5fkma1ef6gdg4ifpd831dzu4ps1u	eyJzb3VyY2UiOiJ0Z19tYWhzYV80In0:1rFQFY:1-tU4ICvTodysBAXMA3uKd370XdvTkcEfkuk-0DcLzQ	2024-01-02 03:54:28.202125+01
tj1ey6lflbly7ayg2va0s5w7cfhwf9xi	eyJzb3VyY2UiOiJpbl9wYXJreWVyaV8zIn0:1rFQFb:3LObrLBRh9Rc5eXEQ7mTrqPLIZkTrDfcR-U_jY3YQ4s	2024-01-02 03:54:31.442908+01
1jvyc6gnlgw2qt1kmznbfwvqdxiwjloe	eyJzb3VyY2UiOiJ0Z19tYWhzYV80In0:1rFQFb:3oS8GZkzkJudTuvEEhapfp-ueDlGE1UBjXLHky03CXg	2024-01-02 03:54:31.561518+01
k39dw3rp2vg29q43mx71r5iugokwjeqo	eyJzb3VyY2UiOiJpbl9wYXJreWVyaV8zIn0:1rFQFc:ICs9UXMS-OiFz8_o1cAOsTaAoE9ifDEMwLzniLNfID8	2024-01-02 03:54:32.363357+01
olx0atr4tds7hb8r0xb6na2bo6g1eoxi	eyJzb3VyY2UiOiJ0Z19tYWhzYV80In0:1rFQK7:bRtGqQlgr4wmgw4x0Ypc7_pUkJf498innm6BEVoRWmU	2024-01-02 03:59:11.207188+01
2c2r3ju5hs5n22ey5j9ecawklw9qpp90	eyJzb3VyY2UiOiJ0Z19tYWhzYV80In0:1rFR1c:QMivqurx4Bh8ZhyWZisK1fDCkMSgh9pRTNVJo_15Za8	2024-01-02 04:44:08.614787+01
qekvaz9qy6xqsdwymz5f7o2qvbgbmwuo	eyJzb3VyY2UiOiJ0Z19tYWhzYV80In0:1rFR3C:OQtMAPPXJ4BTZ0C5Naf009zv4wrmCYvy37bt37Sy04k	2024-01-02 04:45:46.238606+01
a8q0ikb0m4pld6n3i1or8zrxeatvxs3b	eyJzb3VyY2UiOiJ0Z19tYWhzYV80In0:1rFR3n:lrP3YN96oopbX8Xwt7PSPs_rJg6YblPbdHz5JiBVq8k	2024-01-02 04:46:23.906781+01
75mp58nmtc04ibh1iu8f6usr9ne4p01d	eyJzb3VyY2UiOiJ0Z19tYWhzYV80In0:1rFR3r:xMonArw-1gRh0IpwE_7Wk7oR9EAuCBpdUjxfQOzYIuk	2024-01-02 04:46:27.150572+01
olxztnamlhrnfc9gv900mb6rbkcm4kn1	eyJzb3VyY2UiOiJ0Z19tYWhzYV80In0:1rFRSV:mpUmpH-jDMuqtpibd_4POg6NUIuTq_ps9oX87b5ZV5k	2024-01-02 05:11:55.393518+01
1i9bhy3nfo7fbebcesq491m4qhbeltu2	.eJxVjMEOgyAQBf-Fc0OAokCPvfcbyLKslWrFgB6apv9eTbx4fTPzvqzmtSCxG3tDGv0MZfhQSV6yC_OwLr1fKxWf4mZocx4D4EDTTuILpmfmmKelpMB3hR-08keONN4P93TQQ-23mgRIImO1E1F1YFAaF2IrNJHu2ia6VoKNILBx2F2DUyooa50hiWgVWfb7AwdGQfg:1rFTHR:aPl_J4EJSwxvMZ5Dt5I8vgrwSE_aH7t2bil9d-YbPwE	2024-01-02 07:08:37.906645+01
jmg0hx9ekq39fy1zu0hybrlgoglpbx6r	eyJzb3VyY2UiOiJ0Z19tYWhzYV80In0:1rFVAk:qoaYzbLqJnH_2HuEvUHumn5lkTKu2Mn2pki4PkAvLpY	2024-01-02 09:09:50.73961+01
y52eviz7dpu7uys8bg682f4700eqad23	eyJzb3VyY2UiOiJtYWlsX3Bhcmt5ZXJpXzEifQ:1rFWK4:cPOaU8EDGKihOzafmdLRk20KBUxPyXAL_fUWtUZxm_M	2024-01-02 10:23:32.518638+01
491s1723q5gjtgkykwjexr5gm9k2lc0g	eyJzb3VyY2UiOiJ0Z19tYWhzYV80In0:1rFXco:KlcFhH-pgdzKH5TtJ_wULhFp7XQOrlybeS2rgr4KsfY	2024-01-02 11:46:58.708929+01
od9zhw6virslw9722rl2hf0jrxdo5d2w	eyJzb3VyY2UiOiJ0Z19tYWhzYV80In0:1rFYcH:UoyNA3l-urmMooBVbz8mJ6M90P6eMnE3i_2ZQm2jng8	2024-01-02 12:50:29.199596+01
ocjtq7ctob5gmu2vd37f5pev80ar22v3	eyJzb3VyY2UiOiJtYWlsX3Bhcmt5ZXJpXzMifQ:1rFa5o:3h0-XoJXPG3wqKKDs45PRF-deC_hTlOW5Si0w0_aJZ0	2024-01-02 14:25:04.652597+01
bnerjxh6vb4zcpxtlfj7ngy3pf1372am	eyJzb3VyY2UiOiJtYWlsX3Bhcmt5ZXJpXzMifQ:1rFa5w:1QlHcwrOQG8v6O9Lf-3X0WS5OFe7BcSSXhuwFzR7UGs	2024-01-02 14:25:12.975309+01
geedsrv6sq5n9r24twum2i5t0rcqyoe5	eyJzb3VyY2UiOiJ0Z19tYWhzYV80In0:1rFaGs:1L6tVfpth-p5Rp3GCF04P3uco_jlzRZwfoR5c5Z0V6c	2024-01-02 14:36:30.925633+01
xrtelhg0qa0j3wtnmqoajv65w73sg9wf	eyJzb3VyY2UiOiJtYWlsX3Bhcmt5ZXJpXzMifQ:1rFacQ:KIcEsnF3suPaJuvYp7Z2kICe5LceWi5IIaluko0UhzA	2024-01-02 14:58:46.350366+01
e1402b2p7m72gsulwrzghokkx8e5nid7	eyJzb3VyY2UiOiJtYWlsX3Bhcmt5ZXJpXzMifQ:1rFacr:O5TKMaGb6h4DPpJ18LWQ-i9gKLVi7k092f6z7u5jTBM	2024-01-02 14:59:13.604434+01
f9fvuo73sc42ikq41m4tn6ecwz3f0bhm	eyJzb3VyY2UiOiJtYWlsX3Bhcmt5ZXJpXzMifQ:1rFagF:cl4ra8ZbMUQeonG4wfdkOxLqq3uj8Fy_9vFHkYQSnSQ	2024-01-02 15:02:43.284214+01
g6n47nxeoe0x1dzmc0mxufwitimsozle	eyJzb3VyY2UiOiJtYWlsX3Bhcmt5ZXJpXzMifQ:1rFage:TC6rUweUaApvxTu4t58fHn08r3axIyn7rzFB8BKgEFQ	2024-01-02 15:03:08.866284+01
qko0c75d75dse75yeu3ivbonkngl3zhx	eyJzb3VyY2UiOiJtYWlsX3Bhcmt5ZXJpXzMifQ:1rFagk:qOJEnaDQJaQfEzGXSKRVnJQdU5oZaE26dqu1ntGO8sg	2024-01-02 15:03:14.723777+01
53vfsze1xz7320cadr3ute9wj2eq22cp	eyJzb3VyY2UiOiJtYWlsX3Bhcmt5ZXJpXzMifQ:1rFagm:6oU3udxMYPjKKUlRjUo3WalnLdEHhPnPj0hbUG3vZ8Y	2024-01-02 15:03:16.118573+01
q33z5g1z4ypi0a7ivq9m1nlujtsqjyun	eyJzb3VyY2UiOiJtYWlsX3Bhcmt5ZXJpXzMifQ:1rFahP:xYS8GvMUwR2u3uaZEojdL4qSJjm65OIs0W_g3MSp0zM	2024-01-02 15:03:55.920481+01
orait6dofhfrcd3qmm67y3dyhy5go964	eyJzb3VyY2UiOiJtYWlsX3Bhcmt5ZXJpXzMifQ:1rFahY:Nodu6TRYsqQivsz33ZvammYIX5Q_jaNK3WrHyZwubrA	2024-01-02 15:04:04.136669+01
wvzccng4xt9opfu20x4jfd5z3a9pr0tw	eyJzb3VyY2UiOiJtYWlsX3Bhcmt5ZXJpXzMifQ:1rFai2:lKQMw-O76DVhGp2RSDmU8-QswIMNwEa1zrCm1LpLzJY	2024-01-02 15:04:34.892578+01
x9xqvehv4fiku8y5mwotz22uyb379pfn	eyJzb3VyY2UiOiJtYWlsX3Bhcmt5ZXJpXzMifQ:1rFaiB:9082F58fJiH3SdkM4ibsQXw53C39-jA97WbGILwtmHg	2024-01-02 15:04:43.676805+01
3ol9gzqc8gsy3tf45l5l66ki1n4y1h44	eyJzb3VyY2UiOiJtYWlsX3Bhcmt5ZXJpXzMifQ:1rFaiK:C9H8FBkvZEiKH3VHF9z3HsOSAyKcU0I_wb8sh55bmuA	2024-01-02 15:04:52.930581+01
z747jswlat0fdrc2cfxjp12k6e92bg5v	eyJzb3VyY2UiOiJtYWlsX3Bhcmt5ZXJpXzQifQ:1rFakb:lsteBQemryfPmniVi10Ztf6YHzWObqlj7tnClPrqKDk	2024-01-02 15:07:13.130379+01
2aji4m3owune9fdy92olx5l5gd51y7mf	eyJzb3VyY2UiOiJtYWlsX3Bhcmt5ZXJpXzQifQ:1rFakh:o_is34aqClVsq1JyaDAf8UlGsUCyvOPa0jeCYtyling	2024-01-02 15:07:19.285325+01
eunsowhy2ahq8rjd1waaamoueakjwt0m	eyJzb3VyY2UiOiJtYWlsX3Bhcmt5ZXJpXzQifQ:1rFaoe:LA7EFAvJLA2iq6l_V0XIsDcLvlEI4Qd3w5eoUyTwAV8	2024-01-02 15:11:24.815058+01
uc3rk87v7cgzkpukpk5mkx97a75jfy36	eyJzb3VyY2UiOiJtYWlsX3Bhcmt5ZXJpXzQifQ:1rFaoe:LA7EFAvJLA2iq6l_V0XIsDcLvlEI4Qd3w5eoUyTwAV8	2024-01-02 15:11:24.854681+01
2qxkwgd4wco4ks1ao7jra294zemixx97	eyJzb3VyY2UiOiJtYWlsX3Bhcmt5ZXJpXzQifQ:1rFap2:YcFBkmIYSDe4PMC46WE3SOgX_HM-BlZiqw8LhI6FfFU	2024-01-02 15:11:48.432567+01
5gdxy7r5ykgagrkuevljr6fhf2mx8iq2	eyJzb3VyY2UiOiJtYWlsX3Bhcmt5ZXJpXzQifQ:1rFaqh:BDVMjujPtLHsFiJWRaxgeE92j7FAQc2KX5H0tETSEJQ	2024-01-02 15:13:31.526236+01
odx77b3xlsa9o2b53khkrn326r83igj1	eyJzb3VyY2UiOiJtYWlsX3Bhcmt5ZXJpXzQifQ:1rFarM:EI4As0_Zrxg16Ni6fbW4KVK8zwM7vwiDR0mtxZbZShc	2024-01-02 15:14:12.048054+01
j3c32ouyuf4uo8xjlkjqd9uy3r2laybs	eyJzb3VyY2UiOiJtYWlsX3Bhcmt5ZXJpXzQifQ:1rFarj:ViFdNNHLp5mzjGgcnRWqBtVgTxZtE8ovbFtW3Z-PvlI	2024-01-02 15:14:35.053447+01
mecpca3a1ss12gwhab01yzbju6tc2txe	eyJzb3VyY2UiOiJtYWlsX3Bhcmt5ZXJpXzQifQ:1rFart:0Hae14j2FeUcwHg5TihTR0nBU3Z6ct7IH_pX_QfrGYo	2024-01-02 15:14:45.218559+01
visj4xayjn3yqcihxetba5ji4ogysr4p	eyJzb3VyY2UiOiJtYWlsX3Bhcmt5ZXJpXzQifQ:1rFaru:BMUQsw5NBtcg8-G5_hOfCr2EVPrZYEbm37OmeyOCQrQ	2024-01-02 15:14:46.390529+01
r54t1lsomxkafkybnii0pvvsv5sdpmfz	eyJzb3VyY2UiOiJtYWlsX3Bhcmt5ZXJpXzQifQ:1rFarz:J8ipnvzLMVeIdjF64h1YgmkRYsmUXcZV-wYmrK6Vo78	2024-01-02 15:14:51.659253+01
wh4j7c6aevvdcpx5vh4bxow2lw4sjgzh	eyJzb3VyY2UiOiJtYWlsX3Bhcmt5ZXJpXzQifQ:1rFas6:47mxyx_QQL2s8uWayyTiURTpIW7bpKneK9qwU5rPJIk	2024-01-02 15:14:58.698802+01
mn3osr39lfvg57eeqzd2p948wbpavrhs	eyJzb3VyY2UiOiJtYWlsX3Bhcmt5ZXJpXzQifQ:1rFas9:hRd0no0Beot63yywubMZ9IrJmUyDlCZh6wKzIaDTn3w	2024-01-02 15:15:01.384767+01
bcvwgb2un0bk3z7284gl82zrhbmboqcw	eyJzb3VyY2UiOiJtYWlsX3Bhcmt5ZXJpXzQifQ:1rFasJ:zx0OhCUEfY0yKJzH8bka17C04c3F3EDk7qfLuM4nros	2024-01-02 15:15:11.64278+01
jn9tclfk2kuwn1efrakh1jvt2n8pye13	eyJzb3VyY2UiOiJtYWlsX3Bhcmt5ZXJpXzQifQ:1rFasM:G0S0jQZBzMPLMYI220wOKuKJNTmuQxC1iZ6HrYpa_8o	2024-01-02 15:15:14.062518+01
9molr7it5ogx1ablf7vhbxqy8fybwpye	eyJzb3VyY2UiOiJtYWlsX3Bhcmt5ZXJpXzQifQ:1rFasN:Z0dLuaZpKlEOeS_Q-CfR_fd8P_Fqh6pLj2WBjErajds	2024-01-02 15:15:15.695326+01
8jf07gfdypuk8g1zcg8u4km5a8vbr0fg	eyJzb3VyY2UiOiJtYWlsX3Bhcmt5ZXJpXzQifQ:1rFasV:MXXSs7zDBh3NApoVS0NwrnRjobA0tMHlUuBVAQASu40	2024-01-02 15:15:23.212567+01
fp9mfqgjbbd4frb1l96fofy4mjb1tykv	eyJzb3VyY2UiOiJtYWlsX3Bhcmt5ZXJpXzQifQ:1rFasv:TjESw7w9yqbNT4_FlHA0s3g08ZOJAOGF5oBqHAR_En8	2024-01-02 15:15:49.919473+01
ejsvcffw7r5n7zm9k4s468un1oe3zhsw	eyJzb3VyY2UiOiJtYWlsX3Bhcmt5ZXJpXzQifQ:1rFatC:sJs6slP1CGft3z_4yfjCtfBilSGAl6XnEzKYmMgnXIM	2024-01-02 15:16:06.231559+01
rhe2j36p4z3hmjy1qodypfnzbumbjox4	eyJzb3VyY2UiOiJtYWlsX3Bhcmt5ZXJpXzQifQ:1rFatV:BTKhuei_eX0ulDtWh5i_Lyo5dArgjeuLTymPkziQWxQ	2024-01-02 15:16:25.683295+01
ddz7z9k2ax2279rfweq68swfnp2u14c7	eyJzb3VyY2UiOiJtYWlsX3Bhcmt5ZXJpXzQifQ:1rFatY:DATzxv2udw16P7mGMpRnhFH0Fm-7IceGZAY30dK7XUw	2024-01-02 15:16:28.056946+01
kjwyarzdl5wsf1xh9je7y8ay5cg6zv9i	eyJzb3VyY2UiOiJtYWlsX3Bhcmt5ZXJpXzQifQ:1rFaz9:RpAGRSAhyOqSj-8Fa8riFPXj43zTYHoSfOxJY9aaVxU	2024-01-02 15:22:15.900014+01
oujmvbjm8qornj4n03iw9y9vd9zz12b3	eyJzb3VyY2UiOiJtYWlsX3Bhcmt5ZXJpXzQifQ:1rFazK:6GNiKXizQhXTXMumVgmfBYEakNBy2n_yq-sCvd0Iesc	2024-01-02 15:22:26.661934+01
9ss2i50zgk9hupi0823y1k30lvw0npol	eyJzb3VyY2UiOiJtYWlsX3Bhcmt5ZXJpXzQifQ:1rFb4M:B2l-ALruxfVrSoYr9kG1cw3Oc4k-od-nVHjOQOAYbp0	2024-01-02 15:27:38.146089+01
gxfyodryae239suugzqtdra6jdxvx967	eyJzb3VyY2UiOiJpZ19tYWhzYV8wMiJ9:1rFbHh:E40kk7sDay25j3DNbt2nSn3oC2GV4g9fOKCXCCcHzrM	2024-01-02 15:41:25.080371+01
5gwc5wm6k7hm8srlqhxdvrcr253688j7	eyJzb3VyY2UiOiJ0Z19tYWhzYV80In0:1rFbPK:k7f6UA4DCx8MpMXrY-PoF7Z4vLBHAxHcUu0IDsMAHQs	2024-01-02 15:49:18.124592+01
qfxu8vsfngigkci7967faidlv34finr3	eyJzb3VyY2UiOiJtYWlsX3Bhcmt5ZXJpXzQifQ:1rFbdC:Op553TZVnSKBTsJjMF8kJqY7CqVKkjJZSOoDFWMYDyg	2024-01-02 16:03:38.992521+01
82tiiksxkou0dz71yy1en1pv5ef4sytf	eyJzb3VyY2UiOiJtYWlsX3Bhcmt5ZXJpXzQifQ:1rFbe2:DgpXyj3xBPkL0w01pLLKl-NHp4qGKg_Uh9rgjz24Gpk	2024-01-02 16:04:30.36021+01
ug7zhtre78ull0kpk1m9wljgwwbt74mz	eyJzb3VyY2UiOiJpZ19tYWhzYV8wMyJ9:1rFbge:6cEkKFn-f-ScpMgVGsywtCbmfuVJL4tRjmphuVdnlqc	2024-01-02 16:07:12.825104+01
xjd4h6nxmmx866x3nchej6bwmqmjta07	eyJzb3VyY2UiOiJ0Z19tYWhzYV8zIn0:1rFbk5:PMF_rWG7fWAADdG34VSAF50yDz5TE7tCOMpy3L9bqP4	2024-01-02 16:10:45.928232+01
x1z712r94pitiwpklmeprdbkwdth7uh0	eyJzb3VyY2UiOiJpZ19tYWhzYV8wMyJ9:1rFcG5:ogtQ4D36Y-BYedSimhO8nSg1WpV80aeFFXCQVXURrbo	2024-01-02 16:43:49.931453+01
m65z0kqfg3wzu99sc4b74dxhkkri6igd	eyJzb3VyY2UiOiJpZ19tYWhzYV8wMyJ9:1rFcKd:VQj2BduK4oHdUSnmRbrb5Ir9waVaIy34gKSYqhGUiBo	2024-01-02 16:48:31.183973+01
whq9bfbg8bimhfm9mdmup2a5njw60dlm	eyJzb3VyY2UiOiJpZ19tYWhzYV8wMyJ9:1rFcLI:uNWJQzF9PI0VVNmk4nagz7MFLf5Vye4r9nbQiYSHO9g	2024-01-02 16:49:12.372129+01
k7ijzp5zzm29isuhwfkw9iatk96s4slr	.eJxVjMsOgyAQRf-FdUNAEYYuu-83kGEYK31II5oumv57NXHj9pxz71fUskzE4iw-75BxzhVfQYuTCLjMQ1gqTyGnVRs4woj04HEz6Y7jrUgq4zzlKLdE7rbKa0n8vOzt4WDAOqzrJlqIilNvIjurWtWTbbRqLUFnAYC9ZkXadxxN8ujJx0QrdMY5C30rfn8Bp0A4:1rFcbm:MKLYv7Y-0_gZwB7oKZa-7pZfeGCA0H895m0zm_3C_Mo	2024-01-02 17:06:14.470506+01
naht1ywhbhe3ryjigak5nrxj5buz1wtm	eyJzb3VyY2UiOiJpZ19tYWhzYV8wMyJ9:1rFcse:Ek90iHBGOWx5SCcr8icQT6-0Fo2TM6_q4mz9GB4ad9U	2024-01-02 17:23:40.910113+01
ysx9mazeoely6lb20qmuww4se35zkn20	eyJzb3VyY2UiOiJpZ19tYWhzYV8wMyJ9:1rFdfp:_svymNSPxny11HYFNiXIFd_XwgVK1zm5FQWZma263P8	2024-01-02 18:14:29.846043+01
qvyanczwx06tpjpcolioizl8g3q5lq7b	eyJzb3VyY2UiOiJpZ19tYWhzYV8wMyJ9:1rFdg8:2ccyDwroUERZJFks1o9DQtXEo90JvfDTficVSdtvpzs	2024-01-02 18:14:48.854757+01
m2v88fs81e1czncfq3m08ywpt129vwr3	eyJzb3VyY2UiOiJpZ19tYWhzYV8wMyJ9:1rFe4S:BeduwPt5aHaC7ph2Z_3UhEGTO37HLLPufqTdQ7s0wh4	2024-01-02 18:39:56.344994+01
c1jjzkjwj656mww73h15knau8j95cgp1	eyJzb3VyY2UiOiJpZ19tYWhzYV8wMyJ9:1rFe4i:CykG2mioCAIg10F3JGVlsrAtjjIGcvJrPCRH2yWKVCA	2024-01-02 18:40:12.6268+01
8hrqzpkb2n3mn9xkvxmbu8pld1wyivgm	eyJzb3VyY2UiOiJpZ19tYWhzYV8wMyJ9:1rFfMV:4ZLxr8R6c17ym57P_M5U3ABe46wPH2_N6IwhxbQw1-U	2024-01-02 20:02:39.850808+01
f8ut6l7l2e6esyzww0o10eqesum5r0g9	eyJzb3VyY2UiOiJpZ19tYWhzYV8wMiJ9:1rFg0w:MwzQc3_KIp7qJ0gQjmZZonzbQAPgUO2sCLGcACSIBMQ	2024-01-02 20:44:26.65256+01
7usf4mxxzfkdtgz7vzp1o4l74e61vdjd	eyJzb3VyY2UiOiJpZ19tYWhzYV8wMiJ9:1rFg1U:EiWHRa5qw7F1tDFFeeKKmv_S9WgF2deuOs08zPG4qeg	2024-01-02 20:45:00.552341+01
ex3ehk9v0t7wab51db0aq6lu5vamoiwz	eyJzb3VyY2UiOiJ0Z19tYWhzYV8yIn0:1rFoIO:pEOosR6w3Yf65fYsJ5FteVbgwEKF1U261bfQqRWHKDM	2024-01-03 05:35:00.522241+01
xnzfh1jyflser3w3ybokclz9mub66ref	eyJzb3VyY2UiOiJtYWlsX3Bhcmt5ZXJpXzEifQ:1rFppy:7N1plcC1PY1-ALt2CkE_4TVvaeuAztItH3-_Lhf8Zv4	2024-01-03 07:13:46.882951+01
ptmf9qn45xdur9gf22x7wn2i6g3umgoc	.eJxVjMsOwiAQRf-FtSHFMjxcuu83kGEYpGogKe3K-O_apAvd3nPOfYmA21rC1nkJcxIXob04_Y4R6cF1J-mO9dYktbouc5S7Ig_a5dQSP6-H-3dQsJdvjcgEzqK1A0DyNIzJKTaUxwhZacsQ4awzcLSsSBmnM_kUrRq1ggxGvD8ftDhK:1rFqma:Iowj3aNZFlz1RgwMzfjCoehJsAcO6gX59ImqV4rHf6k	2024-01-03 08:14:20.16956+01
e35jpxqpsoyjn7mihghdqrtqgsgccyxg	.eJxVjMsOwiAQRf-FtSHFMjxcuu83kGEYpGogKe3K-O_apAvd3nPOfYmA21rC1nkJcxIXob04_Y4R6cF1J-mO9dYktbouc5S7Ig_a5dQSP6-H-3dQsJdvjcgEzqK1A0DyNIzJKTaUxwhZacsQ4awzcLSsSBmnM_kUrRq1ggxGvD8ftDhK:1rFqq8:bjZOnm9ba6aIZ-x6XD0vespPQDlw14Lk2wHEjdgwFRc	2024-01-03 08:18:00.509557+01
kzhqk320arcfabph8mjwgel2p0r3c8ls	.eJxVjjsOgzAQRO_iOrLs9fpDyvScwVpYO5BEWMJQRbl7jESRtPPejOYtIu3bFPea1jizuAqrxOU3HGh8puUg_KDlXuRYlm2dB3ko8qRV9oXT63a6fwMT1am10XQOPQA5lbIPSFoprb1ioM4AgoasgYLNxg7MOVhvMYzYPM7JtVefL8mgNtU:1rFsmB:kQ9Lv6_hoS3ivKgx59vhFnXW-c4fdfunE7OdR_CWPoY	2024-01-03 10:22:03.26913+01
rxpn67v4pl2r24mkvbcffmxw9h2r8u1l	eyJzb3VyY2UiOiJnZ2xfYWRzIn0:1rFtAC:AaqQgPQa8_u2pt2y7bVEleYugqSq4Xy9VpfL-zr0c6o	2024-01-03 10:46:52.80983+01
flgai43m3y8jai27baihque4e46eg853	eyJzb3VyY2UiOiJnZ2xfYWRzIn0:1rFtAC:AaqQgPQa8_u2pt2y7bVEleYugqSq4Xy9VpfL-zr0c6o	2024-01-03 10:46:52.844622+01
41tkewny9iaf6ft4kfq62foxmi638v56	eyJzb3VyY2UiOiJnZ2xfYWRzIn0:1rFtAC:AaqQgPQa8_u2pt2y7bVEleYugqSq4Xy9VpfL-zr0c6o	2024-01-03 10:46:52.93172+01
zq3gdhvwa758onvjaxzyzzdw1ku6q4fx	eyJzb3VyY2UiOiJnZ2xfYWRzIn0:1rFtAC:AaqQgPQa8_u2pt2y7bVEleYugqSq4Xy9VpfL-zr0c6o	2024-01-03 10:46:52.941598+01
fpbe87dur84v1r6kmnkrhgo6d7ivqvg4	eyJzb3VyY2UiOiJnZ2xfYWRzIn0:1rFtAD:z7MQmgLFiPeUDhhot8f_DB55vkHgVlDK3Te6jgBKecc	2024-01-03 10:46:53.007661+01
o9fxb5hul24xl8zehlnvjmrpf1g7863j	eyJzb3VyY2UiOiJnZ2xfYWRzIn0:1rFtAD:z7MQmgLFiPeUDhhot8f_DB55vkHgVlDK3Te6jgBKecc	2024-01-03 10:46:53.036764+01
5tqke95fyofjmicsxtnsqqc9aqwrm3n4	eyJzb3VyY2UiOiJnZ2xfYWRzIn0:1rFtAD:z7MQmgLFiPeUDhhot8f_DB55vkHgVlDK3Te6jgBKecc	2024-01-03 10:46:53.046623+01
bm726arhtga5et0plxnwxkkjz4q9pd54	eyJzb3VyY2UiOiJnZ2xfYWRzIn0:1rFtAD:z7MQmgLFiPeUDhhot8f_DB55vkHgVlDK3Te6jgBKecc	2024-01-03 10:46:53.104444+01
yb0pbcdmu7uleliztncokp75bxmom111	eyJzb3VyY2UiOiJnZ2xfYWRzIn0:1rFtAD:z7MQmgLFiPeUDhhot8f_DB55vkHgVlDK3Te6jgBKecc	2024-01-03 10:46:53.240361+01
k71ps0s0yorsvqflrguxej9euoohvrhs	eyJzb3VyY2UiOiJnZ2xfYWRzIn0:1rFtAE:mIdtZ1hGpBnAQP_fBpAfSkk_nMFaj5HGWuqHyUUbPSU	2024-01-03 10:46:54.66441+01
n0eam7s5oavv9wvsiaua3govif83hfmo	eyJzb3VyY2UiOiJnZ2xfYWRzIn0:1rFtAR:5W-6OhfbbuuexGdb-6P4XDgVTWzdWxnHm2SaOUdbLGQ	2024-01-03 10:47:07.717381+01
w2bp04twi0nzh6lgetrwxggkkxnybmrw	eyJzb3VyY2UiOiJnZ2xfYWRzIn0:1rFtBM:TWbWSkCB7h-bF-F11ATrYTmCyJh4FgBRx4vAJeVdytM	2024-01-03 10:48:04.371626+01
pd5l9aytmlqcwh9g5l58r2mz85imercg	eyJzb3VyY2UiOiJnZ2xfYWRzIn0:1rFtC1:ky_Ut8gY3rwaSerOXMOEHxupJjKogtKuSodr7Ln-jH0	2024-01-03 10:48:45.530339+01
mfnqrysdham4qtkxczxz8wforu24tpj8	eyJzb3VyY2UiOiJnZ2xfYWRzIn0:1rFtCZ:GnyV23vDQlpjACm_FuAS368HIIx3O7SPNL2lKYOVB2Q	2024-01-03 10:49:19.110771+01
ohq385sondxq739d01ao860g70lo7cwp	eyJzb3VyY2UiOiJnZ2xfYWRzIn0:1rFtJp:IpMSZLD9K5Ix_9VcntEZKFx0cNn1H_u1gxGplV3es1s	2024-01-03 10:56:49.177063+01
2ik83cy1s1ku5xgyh5efffcs5yia3n2g	eyJzb3VyY2UiOiJ3cF9pYXRpc2FtXzEifQ:1rFuc9:HBVmn0qbR1_CO5Yft-VUHkrVmkoJlsxf8hlMgj6RlWU	2024-01-03 12:19:49.417745+01
m4ry081vkyfbtostug2plqhy304zbkdc	eyJzb3VyY2UiOiJyX2FkIn0:1rFuzf:8kyU7YRZhlC80rp0I2qPdWGmRfHjQDMy0VHGQGCnF58	2024-01-03 12:44:07.521497+01
kj9y0ziznk4lvhsswtc0d5mhqijhzn0i	eyJzb3VyY2UiOiJyX2FkIn0:1rFuzg:8bKZC0R5CiMIv1UaBrgW3P7eospCjwp0kzQ2Z8heobA	2024-01-03 12:44:08.308665+01
fenxv7smq4z3qyinjvngpwxeaj9a02es	eyJzb3VyY2UiOiJyX2FkIn0:1rFuzg:8bKZC0R5CiMIv1UaBrgW3P7eospCjwp0kzQ2Z8heobA	2024-01-03 12:44:08.770068+01
0r4qamulqaudqe1djpspw493blvg4g8e	eyJzb3VyY2UiOiJyX2FkIn0:1rFuzj:Sfajjs8dqQIGncF5I8wPOo99BPZLUWU1dJAlCRmJHeQ	2024-01-03 12:44:11.884066+01
be68juqnshvr1j68cidddoh3ww9x6s0i	eyJzb3VyY2UiOiJyX2FkIn0:1rFuzk:wOaNQlFhbJ682Hw21yoDirGp763JHaOJfTCHvBxcAko	2024-01-03 12:44:12.383355+01
pwbwqrbzuuxf2qj5qj5struqgc0oo9hz	eyJzb3VyY2UiOiJyX2FkIn0:1rFuzl:rDf8xQsABHLG5LphGR5cgMrOinrSa51DlBAimzJIDHU	2024-01-03 12:44:13.047142+01
bkv3wwy6snif6e26fd39kpp8dc9lb49x	eyJzb3VyY2UiOiJpZ19tYWhzYV8wNSJ9:1rFuzm:iAWSPlnn91IDmxZfakMSeqZZVDzvYKmjzjA4eqkcz5k	2024-01-03 12:44:14.574873+01
eh2j7fmxdoka3jpppgpurkrpvu3w5llz	.eJxVjDEOwjAMRe-SGUU4ipOWkZ0zRI7tkgJKpaadKu4OlTrA-t97fzOJ1qWktemcRjEXg2BOv2MmfmrdiTyo3ifLU13mMdtdsQdt9jaJvq6H-3dQqJVvrQPnIFGBPNKA_hw9IihjcIyRgZ3LjE6lZw8O1PcUAoGQSke-c-b9ASA7OIc:1rFvmc:AIY7bCP4kLQ3ZulJO35SjQ8SOKHqFnHJ1HxM0Yvrz3c	2024-01-03 13:34:42.271976+01
6qa8go8bq5kkad73593s7shw8ktfwsft	eyJzb3VyY2UiOiJmYl9wYXJreWVyaV8zIn0:1rFwEO:1hSkZrlMZIp4OWKPLlh1g3n4iCP_UDu7kK2AKgMay04	2024-01-03 14:03:24.169426+01
4xb67sa73u89pvj0zzdu5ximwlv5pzbd	eyJzb3VyY2UiOiJmYl9wYXJreWVyaV8zIn0:1rFwEQ:IjqcNu1X8RtxO1KbbxgCunzA2kGcKaEoBl7nUQMSv1c	2024-01-03 14:03:26.198042+01
6n7t5o2mwktrkhm7ie0vdaxaftn7593k	eyJzb3VyY2UiOiJmYl9wYXJreWVyaV8zIn0:1rFwEQ:IjqcNu1X8RtxO1KbbxgCunzA2kGcKaEoBl7nUQMSv1c	2024-01-03 14:03:26.699597+01
fs55iwxg3sauf48rlh3glrd6qu3re0cn	eyJzb3VyY2UiOiJmYl9wYXJreWVyaV8zIn0:1rFwER:xei8R65wQhoJr4hOBTkR7zmPFXRTwVfKy_b51DXPIDo	2024-01-03 14:03:27.103135+01
gap63f31giuv169svqm1hap8ywvi20cj	eyJzb3VyY2UiOiJpbl9wYXJreWVyaV8zIn0:1rFwES:XUvtFTXNUyH_g7EhaqvjTFMvxxMjcVkSiRLLiH8G3PA	2024-01-03 14:03:28.752363+01
4z2r3lcu7mo0kvr6lspdkyn0z9eaxpd2	eyJzb3VyY2UiOiJpbl9wYXJreWVyaV8zIn0:1rFwEU:AurK2BDhNrSChnqDjWaga-saVrxeRRsLsRuI_3uNmbk	2024-01-03 14:03:30.595647+01
7ri028rlbk0qhaliegsidcl8gu6c2lo2	eyJzb3VyY2UiOiJpbl9wYXJreWVyaV8yIn0:1rFwEU:hnEohPDSlBzxYG6xQnmQWc5gPIFjhPpcZklojEA7NKs	2024-01-03 14:03:30.640632+01
ooohtofn1pcnh3hqeptipvhkx9b2wsdh	eyJzb3VyY2UiOiJmYl9wYXJreWVyaV8zIn0:1rFwEW:ast7EgVdH2yqMMJn1doPaeCp6ibRNbOqzh7CnTFpXRg	2024-01-03 14:03:32.292645+01
u2q7f7bc9wfq1ffwqesv18yc9uru92l6	eyJzb3VyY2UiOiJmYl9wYXJreWVyaV8zIn0:1rFwEz:bFhQf7DpS_cpSGJfP0wYDULseWaPd-HHf1E8jdkQUJw	2024-01-03 14:04:01.706971+01
kcow8aizkf77u0xezdwqyh4vuqxzh6cd	eyJzb3VyY2UiOiJmYl9wYXJreWVyaV8zIn0:1rFwF0:SUK32lpwPPFE49UgCDar-0SDOgBIh78qMZBhk1hMxGo	2024-01-03 14:04:02.444676+01
pt0i2l74991h175hdnk0x1441a61wctu	eyJzb3VyY2UiOiJmYl9wYXJreWVyaV8zIn0:1rFwF3:UmbuWv2lW3hc6v_kWGxCtHEBnFbOKOoYO_R86z8fiKQ	2024-01-03 14:04:05.605541+01
9ilr1ft5ttp6o7fckgf3m9vnql805ly8	eyJzb3VyY2UiOiJmYl9wYXJreWVyaV8zIn0:1rFwF4:E68U8JFykE0_D8lpXUO7thweFD0lwZIcor6RsrFnWBs	2024-01-03 14:04:06.541102+01
pa42nvw1w29f968ramlve2iaef66b0jm	eyJzb3VyY2UiOiJpZ19tYWhzYV8wNSJ9:1rFwLT:h11KWSgFg_TRn1CzzrsN-JmmU9SILnivVAa_UA5-SNA	2024-01-03 14:10:43.024719+01
gnenibdj9s5cwjznwqt84hzgzf4ofri3	.eJxVjDEOAiEQRe9CbQgMoIylvWcgAwyyaiBZdivj3XWTLbT9773_EoHWpYZ18BymLM7CgTj8jpHSg9tG8p3arcvU2zJPUW6K3OmQ1575edndv4NKo35rAq-Md5aUZ07KskblmLEURPRYuGg-QQGPEVJMBmyEDDofPSUTyYj3Bwo4OHM:1rFwNb:CRt0gw5Eaa2B7wd-LbVJ7UgawY4Wtw4DnQJ0G7r0I6Y	2024-01-03 14:12:55.011504+01
9ovq5pcdzqgu7urgi9e5kmypebjenvq8	eyJzb3VyY2UiOiJpbl9wYXJreWVyaV8zIn0:1rFwSy:b0FRqZC6dOS7VE8FZMQ5gNqvpkgL3CpQs76ev6-Vo50	2024-01-03 14:18:28.366318+01
mzm5cfwmul20bqpuv9z79r3fkdv8qanr	eyJzb3VyY2UiOiJpZ19tYWhzYV8wNSJ9:1rFx7I:2troiZj4TB02p9cYDDNoE8lYAtGIvK-8bP3EqpUI0Mc	2024-01-03 15:00:08.877267+01
1hn8obm0g1b9r6p6mdlant2t4j9s7tdz	eyJzb3VyY2UiOiJpbl9wYXJreWVyaV8zIn0:1rFxP9:4fnmg81fjHn4zrwVCqdIA6Sp-s1TuduDcFoBtIR5-YU	2024-01-03 15:18:35.623494+01
hdd0bsyjixty4zedtnqr665avent1bgn	eyJzb3VyY2UiOiJpZ19tYWhzYV8wNSJ9:1rFxX9:pBqYzuZNRqRmUREMct9TFzB0YBDy6LKm9LnsMDXyXpY	2024-01-03 15:26:51.232506+01
x4msyy45qp9jqqxmixgfze7cqsm35wnt	eyJzb3VyY2UiOiJpZ19tYWhzYV8wNSJ9:1rFy3e:N6HvgPOEeCeEpldGP7sMpSlKigAObr3qVG2XeEW__Mk	2024-01-03 16:00:26.50388+01
dhiznfo21fztjv6dp4igi37i1x9baz3e	eyJzb3VyY2UiOiJhZF9saW5rZWRpbl8xIn0:1rFye3:1nYpG9oa87LxETNfrNxLnBYTWfLKpfd43CjF-QOqgEY	2024-01-03 16:38:03.4317+01
8wnnzdkr8g1ydjy0w5clmkdvyjohqk4v	eyJzb3VyY2UiOiJhZF9saW5rZWRpbl8xIn0:1rFyeX:HX0hT1eWmt4eIr4fl2Fe-6Naw_6KWwpiSfVckKnTTqM	2024-01-03 16:38:33.347968+01
ve1zt9z5x59nb54xw40l6pi00sfylnad	eyJzb3VyY2UiOiJpZ19tYWhzYV8wNSJ9:1rFz2I:lD07kDmmRHWJM8BtvMF4xDY897zpEVrt_dSjSUypi2U	2024-01-03 17:03:06.379167+01
a7zi3oxocq7urxdcbvih7qnszrajg6qs	eyJzb3VyY2UiOiJhZF9saW5rZWRpbl8xIn0:1rFz4e:uV4LehTidEiB5nU2OX7Nd_q9moXtqoz48W3p9TxzEPI	2024-01-03 17:05:32.719334+01
jztsoilqyw9z4u87nungnt4a3811cifu	eyJzb3VyY2UiOiJhZF9saW5rZWRpbl8xIn0:1rFz59:FXWMHlZRhvYgFUp3RcMlgkywBBYYRwfBgzgf_6hLpI8	2024-01-03 17:06:03.974848+01
kbtsjo2sdq7c9zoe4k950sra588group	eyJzb3VyY2UiOiJpZ19tYWhzYV8wNSJ9:1rFzAk:cKpVSaaO19LKyfcxD80V9qERJ9UvpAyZU_3ikZUfKt8	2024-01-03 17:11:50.664423+01
3bj7jpkvten7hqgklwcvoaquuyqzszvk	eyJzb3VyY2UiOiJpZ19tYWhzYV8wMiJ9:1rG1GV:5oh7_bvSVgJ8RRfQS_K-NvyiqVd_YL4PL9xz-_kpiX8	2024-01-03 19:25:55.049573+01
32sfmfxn29t726dzz0qlfo8m6dvleo73	eyJzb3VyY2UiOiJpZ19tYWhzYV8wNSJ9:1rG3Rc:1sCZP-52dV4xVh7c5HswW16htWKn4AGvVRRNucv_jJU	2024-01-03 21:45:32.85686+01
6kcjf4y7152lnafdmfilfjfsjlg409o8	eyJzb3VyY2UiOiJyX2FkIn0:1rG3iJ:PNCDh_pYaOms__T0-sG7xPJ4VcB7xv7VoURKLntsbsg	2024-01-03 22:02:47.744227+01
0u2nq3epycvllvvxre5omnqdpd7x6mf9	eyJzb3VyY2UiOiJyX2FkIn0:1rG3iP:TejDrqk8kVtJ6_z1S9kMWKILgYVLoyVfd1X5ChdE0BQ	2024-01-03 22:02:53.972577+01
1wl52deiw83i8xpqhbxje68du6usquyq	eyJzb3VyY2UiOiJyX2FkIn0:1rG3iS:Jfl1VkUIOSy34GrnxBWO58kVAIAcDoUJ2xms1r4bzG0	2024-01-03 22:02:56.642313+01
6ub7k2g1uibr4xn9595o4er8o2ru5crw	eyJzb3VyY2UiOiJyX2FkIn0:1rG3iZ:sv7Qj5m1udqzVKKikKmy68WILRU2nSFCb5hoEjAeMZs	2024-01-03 22:03:03.81366+01
c2iicnhk81wj8aaplixiu0tn4t5cgkdk	eyJzb3VyY2UiOiJyX2FkIn0:1rG3id:oU4738MKhznF9y7LRGCbsdwcsgwjPoKMljm548DVMH0	2024-01-03 22:03:07.306527+01
gd3devs63k5rhduz7hymcu335uzt2f3n	eyJzb3VyY2UiOiJpZ19tYWhzYV8wNSJ9:1rG5Qw:sifBzd9b7Uv3dOPkTk8_gnia0F96AhOTfNU_H5jGKHg	2024-01-03 23:52:58.061488+01
bz1y4nq0jv23tnn4ikrhojiufezkigvq	eyJzb3VyY2UiOiJtYWlsX3Bhcmt5ZXJpXzQifQ:1rGD8W:ylBFbgPpC_UjgRUnXXv1OTmniRdo-iaxv0akvxaKMmM	2024-01-04 08:06:28.992161+01
dr67b3d1r3we24etvv5enz9kuw658afc	eyJzb3VyY2UiOiJtYWlsX3Bhcmt5ZXJpXzQifQ:1rGDMh:8raJR9xiT8SZAW7HqdAFwLL70pjsh8Div8JFKaPprBw	2024-01-04 08:21:07.27639+01
v66f9eh4ta20hxjz2vncoc8f7ysx5mvy	eyJzb3VyY2UiOiJtYWlsX3Bhcmt5ZXJpXzQifQ:1rGDiv:BosMjbrPPeiTVNLd7Ni4c1ipjMfib_cs2Bw86OZen4Y	2024-01-04 08:44:05.188484+01
2ll1715y4en5ioelvci8ssx8s6emwl7s	eyJzb3VyY2UiOiJtYWlsX3Bhcmt5ZXJpXzQifQ:1rGE5P:RzzgE-WcKuz-XL4Mw9IPb7ZuPImXm-GSYFFHsBFxoR8	2024-01-04 09:07:19.468606+01
qk1szjgnkz2cnv3nlhgpyje8vm7507u5	eyJzb3VyY2UiOiJpZ19tYWhzYV8wMSJ9:1rGEHB:8rUtZTkV7dGluZor_T2tSXXFLfBITxz4XojbEjqeM9c	2024-01-04 09:19:29.734594+01
g5dq7wzfwt54hpdyudarvla2h0nnxptp	eyJzb3VyY2UiOiJtYWlsX3Bhcmt5ZXJpXzQifQ:1rGEhk:w1OW1YGJvAIgVCmAxqaq27oTwJHBqmrmin94-YM8I-E	2024-01-04 09:46:56.409753+01
ghwit2rile79j4k3nr5but5tmvr1uklh	eyJzb3VyY2UiOiJpZ19tYWhzYV8wMiJ9:1rGFcU:TTF-_ax8eIJ8O5eNwU1G0ylf4upxgqcWFPtfpRKdsEg	2024-01-04 10:45:34.412652+01
esdwrf034phauxckcko4e300y0qwo5dx	.eJxVjMEOgjAQRP-lZ9O0LNtSj975hmbbXSxqIKFwMv67kHDQ22Tem3mrSNta4lZliSOrq7Lq8tslyk-ZDsAPmu6zzvO0LmPSh6JPWnU_s7xup_t3UKiWfU0pG3HElFIarEMnLTgEAGzYgO0647lFBgrioTGIAQgHDuS93aOozxfsuDeY:1rGFkG:wTYjvdXPzbA399BZBsPDiPde2mzmFVLu-cvzXU5Dgjw	2024-01-04 10:53:36.466644+01
emnklno67tw7zb2929x7n78cfysp7836	eyJzb3VyY2UiOiJpZ19tYWhzYV8wMiJ9:1rGFte:0Iyb-JFQqb4VH46pc1WqDhFs68Kv_pusVinYpIeulGM	2024-01-04 11:03:18.482419+01
1ixdev602ztnjcs20obvvq28unf6kt32	eyJzb3VyY2UiOiJpZ19tYWhzYV8wMiJ9:1rGFvH:OFmUEMP8iBwtmFXvyslxg9-DX240Lciw42U-87ZSmVk	2024-01-04 11:04:59.62214+01
356cgn1nlchozlwftjyswvxlh9vsnd3z	eyJzb3VyY2UiOiJpZ19tYWhzYV8wMiJ9:1rGFxX:24O8_YRhmbY8RsuxegWV_6HFeF92ma375CgJXaKWKx8	2024-01-04 11:07:19.589033+01
em8p7t71vbxm2rl9xvk9yq8qwq7uxua8	eyJzb3VyY2UiOiJpZ19tYWhzYV8wMiJ9:1rGGAe:edoPU7eXHndqNy9k3zGln1W9Ga0v3t3PPj451sg0VY4	2024-01-04 11:20:52.699074+01
lrz9js6l2t0vtremkwm0fzhw50uljsb1	eyJzb3VyY2UiOiJpZ19tYWhzYV8wMiJ9:1rGGDr:H_xmdWwVvErz03mqNqZFl69wQqbi8a7MpC0uknwpooo	2024-01-04 11:24:11.724905+01
cf8izwyuhgkfr6wbez20wd6f0v85lmye	eyJzb3VyY2UiOiJpZ19tYWhzYV8wMiJ9:1rGGEH:Vrbm6V20QEYcJGCepLOB1fsniX4XMkIY2sw5iBtDqdo	2024-01-04 11:24:37.686092+01
596efdb101r7d8jkpyzsqt4lyyxjka4k	eyJzb3VyY2UiOiJpZ19tYWhzYV8wMiJ9:1rGGEg:omPKmMGRFUi9ISNMUX4cCfdzTjYEdIt0V1Oc5jzLJUo	2024-01-04 11:25:02.279354+01
ss947x6vwiy2tmk05lemj9osmz0i9seb	eyJzb3VyY2UiOiJpZ19tYWhzYV8wMiJ9:1rGGRN:jfeEEJQpmC_WAzRrg-ByFz5kavcJDgt2uyi1ci7r870	2024-01-04 11:38:09.575896+01
obf5cvjj7r3jyfntnc2t3e6dewp2gahx	eyJzb3VyY2UiOiJpZ19tYWhzYV8wMiJ9:1rGGim:baXW8UTCkuGGX3mGsNRFlEZkOdP39bQ0GrqXtCaSMuE	2024-01-04 11:56:08.759733+01
kfuy6mhe3oipp19hda0zr36bpbnm0ai6	eyJzb3VyY2UiOiJhZF9yZWRkaXRfMSJ9:1rGGkU:JqbND0LXo1K4c_1uiFM2hZWG0iFizXkiuBmKPTmR5x8	2024-01-04 11:57:54.440961+01
3fif6o1q8jo6ccgqq19f9a2ssi2kuzdl	eyJzb3VyY2UiOiJhZF9yZWRkaXRfMSJ9:1rGGkV:mVSqmJRoMpPYfvsUOzN0Nrl6TGAtgPTAn_AOmJ9tj48	2024-01-04 11:57:55.194232+01
tv79seenuzy6zr9e0y5cndjnp2ghypnf	eyJzb3VyY2UiOiJhZF9yZWRkaXRfMSJ9:1rGGkW:NUzo0HH978WmqApgtegRHBKouB0mIzKlDsFoK7ZdBY4	2024-01-04 11:57:56.658702+01
k23w6jp5b98b8rwlmhbddd5r2fd7z5ol	eyJzb3VyY2UiOiJhZF9yZWRkaXRfMSJ9:1rGGkZ:J8--pKrcm5Im3V7yyndX95iTGinsSIFZkgMv8yju7BI	2024-01-04 11:57:59.938393+01
mduktajz4zo1otsj8zusan8qaguvq07f	eyJzb3VyY2UiOiJhZF9saW5rZWRpbl8yIn0:1rGHGi:Rf0glFKHAN6j93xUz4oaekPF15gmNix2YT81slA4EuE	2024-01-04 12:31:12.241067+01
5smt2rrlokhvmkbnyosbqikdaei2ffuh	eyJzb3VyY2UiOiJhZF9yZWRkaXRfMSJ9:1rGHH5:H1ZKhnF6M0Ef62nSHb7igW8KgRnXr3MFjeX80OLdi9Y	2024-01-04 12:31:35.963454+01
qh2ilj5glk559udgu7bm1hyrp05bgip4	eyJzb3VyY2UiOiJhZF9yZWRkaXRfMSJ9:1rGHTr:wVSEwl1zMrjxNkgDV5DGsudrYA41c1sSoIY5852mf80	2024-01-04 12:44:47.986623+01
8sa1ukhp0mcjwh6fwksikwdwqwocl4k9	eyJzb3VyY2UiOiJhZF9saW5rZWRpbl8yIn0:1rGHbM:HvGC_asftRHEi07i6y_o5V4cwB5ERS2tMpeFsVugJ-E	2024-01-04 12:52:32.661913+01
m23f8iulmmydy2mgu3rhy4mmuwo149h2	eyJzb3VyY2UiOiJpZ19tYWhzYV8wMiJ9:1rGHdX:m-4yVJ_itRhVUk344BVCz6C_es35s-4UHGv2BwulsQQ	2024-01-04 12:54:47.529328+01
u91jpf83mpc9l3g72se4cym4cxpc3ngd	eyJzb3VyY2UiOiJhZF9saW5rZWRpbl8yIn0:1rGHk6:sud-9teZHGMgotz4fSTgUJPzbq7cfnXXVDwFEv5M0XQ	2024-01-04 13:01:34.142228+01
bkucrna80t72fxjj4q3pqksdagyi1ki3	eyJzb3VyY2UiOiJ0Z19tYWhzYV8zIn0:1rGHsb:VAju-qHXwANgmVRaFQdlDTtOMhy67q9JIZAWj28pS8E	2024-01-04 13:10:21.116791+01
hq9d1zuho7uq3n7by0m7nocplu40gtgy	eyJzb3VyY2UiOiJhZF9saW5rZWRpbl8xIn0:1rGIGh:uFjj68SnhdX7eHYeHU7jrxng8IPaJ8oxWANsTxVup7c	2024-01-04 13:35:15.396631+01
3efypmsth2fl0zdr0kbn0fdbl4cyz4fc	eyJzb3VyY2UiOiJpbl9wYXJreWVyaV8zIn0:1rGIGi:SXaFrG8iNPdov7iouSqIXkfgHyP4jxUQ0OzWRDN04kc	2024-01-04 13:35:16.151385+01
7ujoqx7kptbffhrwccf07qsoqv6cudps	.eJxVjMsOgyAQRf-FdUNAHkKX3fsNZBgGsQ9JRFdN_72auHF7zzn3y1rdFiR2Z9MYPlAaBNGxGwuwrSVsjZYwpZ0adR0j4Ivmg6QnzGPlWOd1mSI_FH7Sxoea6P043ctBgVb2uu-9BKusSBqEpKRN7L0mtEIZC6RjztZK6jAb5Rx6NNKik15HB06nzH5_YVg_ZQ:1rGIbW:syCxEDgujB4A7yWhhU6UPv0CT7nYieDHaiLQgCUep6g	2024-01-04 13:56:46.077559+01
whayaz5fki075uk5gh3edlf0cm6fh9m6	eyJzb3VyY2UiOiJtYWlsX3Bhcmt5ZXJpXzQifQ:1rGIhf:anStn5609L4rrTJIPZCMA-7-UEadzGX1EGnNyGoSq2g	2024-01-04 14:03:07.052438+01
be3dmvqdzve8rbzz2er55gsu26fh83dx	.eJxVjDsOwyAQBe9CHSG8_ETK9DkDWtiNcT5GAruKcvfYkhu3b2beV_S6tsziKqYxfrB0jArERURclxLXzi1OtFFrzmPC_OJ5J_TEeawy13lpU5K7Ig_a5b0Sv2-Hezoo2MtWOw0mW4UDGPQDEqgcGHVwD68zJpOUBY3eEhMEcMYFH1JQoCwjOELx-wNdGz8M:1rGIvY:z7eoyPTcleMFZKHonYyFVxvn58LRm72ZsFMzRu_36J8	2024-01-04 14:17:28.584445+01
ytupu43xvn3bqvgi4dr42porut60t0kw	.eJxVjDsOwjAQBe_iGlnO-qelpOcM1tq74ABypDipIu4OkVJA-2bmbSrRutS0dpnTyOqsvFOn3zFTeUrbCT-o3SddprbMY9a7og_a9XVieV0O9--gUq_fOlhwxRsawFEciMEUFLIYbtEWyi4bD5aiZ2FACC5gxIwGjBeCwKTeH_TjN5M:1rGIvt:jpE2VOlgtj1guworMTFBif6OwLLQi2Ri4AYDLVLHy_Q	2024-01-04 14:17:49.847539+01
5olco8396wpx5v3b043fhqlfv8ijbz42	eyJzb3VyY2UiOiJhZF9yZWRkaXRfMSJ9:1rGJ5u:_yArVb0zbP4FenDpWNwxkNds0v6vnCaq5PxXOqrf1l8	2024-01-04 14:28:10.342423+01
nsmt8zgizbkhz1k25d6yhjf0h9afol0n	eyJzb3VyY2UiOiJhZF9yZWRkaXRfMSJ9:1rGJ5u:_yArVb0zbP4FenDpWNwxkNds0v6vnCaq5PxXOqrf1l8	2024-01-04 14:28:10.759278+01
5htgrg4nnil2yd9jagi9qyatl1xeco4e	eyJzb3VyY2UiOiJpZ19tYWhzYV8wMiJ9:1rGJ9o:cAXq1IWdqgrEVb1WhUARLPgtOlg2AlyrLJafSw-Sczk	2024-01-04 14:32:12.780058+01
1zuy7fyg3v51r1kd58qk29nesjs8j8hq	eyJzb3VyY2UiOiJhZF9yZWRkaXRfMSJ9:1rGJCQ:TkFewrfNFrH4QCgFY80irT74U2tLcKBRJlvdPHUuG54	2024-01-04 14:34:54.247168+01
kv1bnfix5fzql1tlu450uxpx0ahk8egc	eyJzb3VyY2UiOiJhZF9yZWRkaXRfMSJ9:1rGJDk:yCnjX0W4JUhmcrO8yDUZRFLJPTuZ5WlqJ5tEjDMxbA4	2024-01-04 14:36:16.406161+01
araurhmu7pkiq4db48fnwb8peh2df7nv	eyJzb3VyY2UiOiJtYWlsX3Bhcmt5ZXJpXzUifQ:1rGJET:v3AnllJC45tx78zVCFRw7BqIV_TMonez2MNBSUkuZug	2024-01-04 14:37:01.226855+01
vdzmp7fk08avo2uv9o9lnxduxqd4ombz	eyJzb3VyY2UiOiJpZ19tYWhzYV8wMiJ9:1rGMXf:byg30DvWSHHoL3oW0JDF4-UordHCj5d-jVKs_bv_vPs	2024-01-04 18:09:03.323029+01
1yb8um05dsxhwzwj7b79iofhdek97wfw	eyJzb3VyY2UiOiJpZ19tYWhzYV8wMiJ9:1rGRY7:KSpGNcHrZcAdalK9tFAuMsw4TDVJSomG2qT-JekKWKc	2024-01-04 23:29:51.718852+01
7vd2mc51n3mcb2o85xjntqkebzfzidlp	eyJzb3VyY2UiOiJhZF9yZWRkaXRfMSJ9:1rGJEX:2Wdph6GDT7-SS1aCrlGm73ksLXwr43ACMsWh2EiTm18	2024-01-04 14:37:05.21658+01
uw4j823oq9qdbwu6odb1dg14zduespea	eyJzb3VyY2UiOiJhZF9yZWRkaXRfMSJ9:1rGJKl:RRFbc2t_Ef7HMSC8Yb7wl6Cj2MHd-jDx1CoJFYLMSmE	2024-01-04 14:43:31.730243+01
d0gmo128igvjn74eu9xozf8je4l49eq3	eyJzb3VyY2UiOiJtYWlsX3Bhcmt5ZXJpXzYifQ:1rGJLV:Vp4IfRppmm2eEBahY97N5k7GkGkVvlw3FoHkRTyFLXo	2024-01-04 14:44:17.883473+01
9pn9gbu92a2dk0x00aiwbmhogb04duh3	eyJzb3VyY2UiOiJtYWlsX3Bhcmt5ZXJpXzYifQ:1rGJM1:Ody2TIZYBkW-2PVrzmfPqY_6qcku_EllD4dTCzpvK_U	2024-01-04 14:44:49.289736+01
jdrvohv945xceb0bct0ibv4ihhpklc8f	eyJzb3VyY2UiOiJtYWlsX3Bhcmt5ZXJpXzYifQ:1rGJP5:4poMSAiFDhmfd9qtKWfYyaxSmTEDytshM9XdJQQ5OME	2024-01-04 14:47:59.031304+01
3f9uhqb2ytzig336bp40cxrxnhavav6s	eyJzb3VyY2UiOiJhZF9yZWRkaXRfMSJ9:1rGJVs:OrkvMDLpAifFvNjU_iRPbnsJoaNqFxUhc3gPN6M2Rq8	2024-01-04 14:55:00.023804+01
qwv30x4ccak16umdm8k2jn8miimbcy5a	eyJzb3VyY2UiOiJpZ19tYWhzYV8wMiJ9:1rGJwi:-Xn-uwGl2TckPzbBPeHrzB25ksp5kq74CPaSOjUqr58	2024-01-04 15:22:44.806649+01
9w0pqmo9lx7j0rflwo4zkhxqci3uph1m	eyJzb3VyY2UiOiJ0Z19tYWhzYV8zIn0:1rGKRx:EnyqfPnJfA-XrQ9Z0VDIVfCK6J0g-GgJPYGj-8Uuxs8	2024-01-04 15:55:01.984094+01
qo2i94e4l5l039ras2anuyexroap350o	eyJzb3VyY2UiOiJpZ19tYWhzYV8wMiJ9:1rGKj1:UQjlfQvgT9kkkfk9o2z-QFUtEYv-TYdkI7SZM7W73aI	2024-01-04 16:12:39.213138+01
x92jww0mha9uup7qatpbbqmlmcfoozp1	eyJzb3VyY2UiOiJtYWlsX3Bhcmt5ZXJpXzQifQ:1rGKob:vCiqJSf6KiEgWAwG0b6qB31FKuL2aNr5g_q4zR5LHao	2024-01-04 16:18:25.040337+01
q7s2y2q6n48zrvmazjjs1ccgefw90nwu	eyJzb3VyY2UiOiJtYWlsX3Bhcmt5ZXJpXzUifQ:1rGKum:rY3SR3UH5cqblxdICmvd8C2tLsfBDaCU9CTNR-VJMHI	2024-01-04 16:24:48.067595+01
dcpltwrndrdj3tuqoutlanuhkgt6g1s4	eyJzb3VyY2UiOiJhZF9yZWRkaXRfMSJ9:1rGL9C:v151OZok4yWoxOhQo9zfkpuvJxy6UQQGhw6E4Qbodiw	2024-01-04 16:39:42.171379+01
qb3g2hx9p8na6gwmkslkeajz60elfdlq	eyJzb3VyY2UiOiJhZF9yZWRkaXRfMSJ9:1rGL9b:_YKCnW-pXDwYa4ZK6e4a8Qh-Cz9u3epTmi__DqjQlb8	2024-01-04 16:40:07.734921+01
6833exo3i0xb7hnetf1bjqhbtddseajt	eyJzb3VyY2UiOiJhZF9yZWRkaXRfMSJ9:1rGL9e:H79bV5xFJnOYkZmlLMcvux0pQ0T71spJTAxUuUlBWv8	2024-01-04 16:40:10.813582+01
bjs7hxg9ui5qrnctqbri13esdzbfnnt3	eyJzb3VyY2UiOiJhZF9yZWRkaXRfMSJ9:1rGLBJ:h_pvRqzvUfAD9QNoYJMrWt2uYxIN08Jfa2Izjo1GD18	2024-01-04 16:41:53.514523+01
7yn15pxw82eg6fskr1by9eery4hg94is	eyJzb3VyY2UiOiJhZF9yZWRkaXRfMSJ9:1rGLCC:X3ocAvl2S0c2i88tL_2CKN8kXXZnL9l2dpQV4SAu_yU	2024-01-04 16:42:48.923493+01
ibkp1eyhpejj6awodql5k74oqwfzbhiw	eyJzb3VyY2UiOiJhZF9yZWRkaXRfMSJ9:1rGLJn:aVH4AsbqapfiL9R6oa7tTe_NLKb2XL_Y5YlwJHFzHUE	2024-01-04 16:50:39.821148+01
h91cboh1zg50vgrgg8sv922ti26vvmok	eyJzb3VyY2UiOiJpZ19tYWhzYV8wMiJ9:1rGLUk:XS1ThcPSRdaKkh0t1GoO9Mce6uSBCfX5AwJvK1hNgYc	2024-01-04 17:01:58.016517+01
dx450ik5fify1ei2zk1v2ju8ys3ie9un	eyJzb3VyY2UiOiJpZ19tYWhzYV8wMiJ9:1rGLVh:cmrCyrB9QGTCGV0xLFw_eOYANSnUnMX3HMTDDpZ83K8	2024-01-04 17:02:57.290265+01
slytvzomv86u1tt9dmdgsdephavppbp0	eyJzb3VyY2UiOiJhZF9yZWRkaXRfMSJ9:1rGLgs:GGzoNs1IHxT4E5rF8nOKN-y4vNigHHF2trjzhDNYR4g	2024-01-04 17:14:30.970544+01
ow98dc2pbtgwwrezpdvk1cc80rl9st40	eyJzb3VyY2UiOiJtYWlsX3Bhcmt5ZXJpXzQifQ:1rGMaD:Vk7lv-C8oBb0MwgAl102Y1btZ7OLvUcc1wHKjoVFiuA	2024-01-04 18:11:41.498174+01
ovieru1udabz3gn5i6576mrlpk742lo7	eyJzb3VyY2UiOiJtYWlsX3Bhcmt5ZXJpXzQifQ:1rGMfb:634EkG1vDlLDIUSEqHwdeON0yI9vUvRZLlLJXKtdSLU	2024-01-04 18:17:15.577513+01
95nkv2tg3p6atj2cwr3dplabx6tl1m0k	eyJzb3VyY2UiOiJpZ19tYWhzYV8wMiJ9:1rGNR8:SnyE2YdhIK8zZROhzEDEebbyu7Qzwn1iEGC8nC_Cjj4	2024-01-04 19:06:22.174388+01
e3nyly0vmy4sx7t4jwpad8s4mqvnbl4s	eyJzb3VyY2UiOiJpZ19tYWhzYV8wMiJ9:1rGNVY:h0KmoPg7PxAEmSjORYdfw5k4rW_yEnQE9pti8El_VjA	2024-01-04 19:10:56.118719+01
in3mxzd560afnfu30xqny7gw2yg3h5o2	eyJzb3VyY2UiOiJhZF9yZWRkaXRfMSJ9:1rGNqH:eqQXHxp0vUtuTp5FWolcxVLhbiYqWFm26-fgkh3ddGc	2024-01-04 19:32:21.453551+01
mazmzrxpnkabpbixmcnpslw99gx29l2p	eyJzb3VyY2UiOiJhZF9yZWRkaXRfMSJ9:1rGO89:lFR-63Ees33h5C-9NfcaOqj4OAilGYL0BQof-Drqa0M	2024-01-04 19:50:49.666797+01
fy2it1nkhkbohbezodvicikhrcke8db1	eyJzb3VyY2UiOiJtYWlsX3Bhcmt5ZXJpXzQifQ:1rGOQe:OHEK0K6Yeb0gLiJ8dHwDaNKbEl1I2jpw414ESZbDeDI	2024-01-04 20:09:56.218313+01
ycwou06xwt09qbefkr0vlv86gj0t71zr	eyJzb3VyY2UiOiJpZ19tYWhzYV8wMiJ9:1rGOkE:IFQr66fZFMOzMhsTvDs2QqQ3NIgnzS9qPPmR3uUEObs	2024-01-04 20:30:10.65152+01
8k7y2kc1er7654lmzagqrmt6f17uwpdj	eyJzb3VyY2UiOiJnZ2xfYWRzIn0:1rGPDn:a97UJoyZU5ZgJIaGot7ayAo7dybQhc2at3vUTDIlSJk	2024-01-04 21:00:43.071723+01
8akcrap9pa1ggivwvsliqw7x2tvevpph	.eJxVjDsOgzAQRO_iOrI2tvxLmT5nsHaXBZMPljBUUe4ekGjQdPPezFe1us4s6qbGIX-wNMxg1EVlXJeS1yZzHruNOncuCfkl0066J05D1VynZR5J74o-aNOP2sn7fring4KtbGvrOLmI7EOK0VrgmAIRIDGEAFciDCBeDElvjPdeErCNsd_CmJDU7w9npD_F:1rGPjV:RDrPjvbwLKPbUth8G2gWWYpdkKQpULWgzT3XnhmMAlU	2024-01-04 21:33:29.220433+01
u6cpgnzyv59422wzd1e4094x44rmhvaw	eyJzb3VyY2UiOiJhZF9yZWRkaXRfMSJ9:1rGPwh:UC3_AqrE25QB4pypyrAIsINlammMvozcmEMRDDSP_qA	2024-01-04 21:47:07.613053+01
ce1ovq3i8fon6gt4dhb66aqikayq8nic	eyJzb3VyY2UiOiJtYWlsX3Bhcmt5ZXJpXzUifQ:1rGQwW:oR9bRCyaM3B_aZrXoMBjePNkYMrUBmmlDPJV_EcKNWA	2024-01-04 22:51:00.618603+01
44ek6cvqobiw2z9ixa5owgfj33214ozc	eyJzb3VyY2UiOiJtYWlsX3Bhcmt5ZXJpXzQifQ:1rGRIX:5nwNmbTXBczFsT-gsDc99THctHvLomJ5gtBdBFyRNPs	2024-01-04 23:13:45.386075+01
y9kldi7z345yq5nec2f0uszfxqqjpxzt	eyJzb3VyY2UiOiJtYWlsX3Bhcmt5ZXJpXzQifQ:1rGS92:zElXrI8zDjgkFds_YCo3BdgylXvIU2nhuFF8QAWq85Q	2024-01-05 00:08:00.455045+01
ol2xm8vs4sk6fluthskzdz1fqqhtmc8p	eyJzb3VyY2UiOiJtYWlsX3Bhcmt5ZXJpXzUifQ:1rGSN3:YkDmY5GP_JFaAogdJEIEqdmBVtjJpP3d_fI0wc7ov3Y	2024-01-05 00:22:29.577729+01
km44ordlv3rua0acrxdfbzov37ky0ndn	.eJxVjDsOwyAQBe9CHSEwEOOU6XMGtLC7xvkYCewqyt1jS27cvpl5X9HKWhOJm5jG8IHcIKhOXESAdclhbVTDhBt11_MYIb1o3gk-YR6LTGVe6hTlrsiDNvkoSO_74Z4OMrS81YNlYs0qotbDkJxH1yvGxJGcY69V571nw94iARnue9uhIodRWTBkxO8Pkw9AVw:1rGTKq:v60gez2JjVof54VpHNbmvZoKl3VeIpoxvSj5IMmltuA	2024-01-05 01:24:16.596111+01
atwui0coym41bnlu848jh9bl0sas8kag	eyJzb3VyY2UiOiJhZF9yZWRkaXRfMSJ9:1rGTaK:irhSnKuFmHfMPdpLgRHLz1roAQAypG8_vjCgaW9XCdc	2024-01-05 01:40:16.476129+01
3glbroyudqq9l701jpafaspu1owie98d	eyJzb3VyY2UiOiJhZF9yZWRkaXRfMSJ9:1rGUmc:OC02DiL_Qh_1y95mApOdRF7cIuZR8YTUx1YVxih2A_I	2024-01-05 02:57:02.462277+01
1v4ltxl8n0gouyppfqsdrdpf28fsgo2y	eyJzb3VyY2UiOiJhZF9yZWRkaXRfMSJ9:1rGUnX:071ubdBdUUjyp0PWG2PxrB7eOzZySbXH8RB5cHhULwY	2024-01-05 02:57:59.196114+01
7rqrc25ss8lxebx8afp16rpy3zgv3dk6	eyJzb3VyY2UiOiJhZF9yZWRkaXRfMSJ9:1rGUoo:dtQSmKl51AxVQ4Xa9uN8iCC10fFp4H7L4eTJ1b4B5hg	2024-01-05 02:59:18.972788+01
99kdyllp020itu6yh4u3aeyopvt2dds6	eyJzb3VyY2UiOiJhZF9yZWRkaXRfMSJ9:1rGUpw:vzSZXwmOJPh3Or4sbHTF7_LHB4CIk4hh8G4bCkMgh_k	2024-01-05 03:00:28.210043+01
1gbhg5rhbmkouekfb49xtkh4bd0er2rn	eyJzb3VyY2UiOiJhZF9yZWRkaXRfMSJ9:1rGUzj:6f1LR6i5BiKq7vh0Isdfd-AGVlj2emknLdYD8jEGw6o	2024-01-05 03:10:35.42993+01
d8prx9hl47g990b06hpc0dmsxk8vqd3g	eyJzb3VyY2UiOiJhZF9yZWRkaXRfMSJ9:1rGVjF:edoajytRyUFtOaVmM9bt9xF8GEXx5o870Z4YUIgWwlc	2024-01-05 03:57:37.39063+01
79jajnw16soxo5x5yzxvicipgiwcpsl7	eyJzb3VyY2UiOiJhZF9yZWRkaXRfMSJ9:1rGX07:vAuwzSBCBFPhEVCZMUH_Jma6vuovxMWLshYbQ0z98NE	2024-01-05 05:19:07.505821+01
a5mwld3jzv0buliv6yc7r6cg8f1qcfz4	eyJzb3VyY2UiOiJhZF9yZWRkaXRfMSJ9:1rGXT2:9VIMjt0hvz7P09WIfvNPzFIl4V5nUSIPKAlhnsR401Q	2024-01-05 05:49:00.205065+01
6hryw8mg933jtkjavty4ydekfvczvpeb	eyJzb3VyY2UiOiJhZF9yZWRkaXRfMSJ9:1rGXrO:_HrUNILYXclYH7KbtNqvuKlJrhp6TI6VNKdJIVOaelY	2024-01-05 06:14:10.629443+01
agpor96b7wlo2ntxlwcxan7ivype4vsz	eyJzb3VyY2UiOiJhZF9yZWRkaXRfMSJ9:1rGY2i:9qAgt_maedjk9QIimlkg0OTV9y-UqcxM_yGya7HqkPk	2024-01-05 06:25:52.298825+01
9bwmmejszavueii3vfy2pr1am4c5sii0	eyJzb3VyY2UiOiJhZF9yZWRkaXRfMSJ9:1rGYHJ:fgTuv6_r2mG-I5GxistXlgSLUV8vCqciGjyt_kvTIAY	2024-01-05 06:40:57.292648+01
fw8gq9qncfiz3t2jkz6wnnv4q3vqjwv9	eyJzb3VyY2UiOiJhZF9yZWRkaXRfMSJ9:1rGYLN:z7erBll5_73cpZED0Vcvk-mqZFq5B4cUFgjrgCR-3eM	2024-01-05 06:45:09.858469+01
wv9etcjayx5vd5suvdrsspohsshwx2ew	eyJzb3VyY2UiOiJhZF9yZWRkaXRfMSJ9:1rGYd8:wse_w-tJHf4k2HjH9o1NLHQZD1ZNMOJYYWK0CpLIx58	2024-01-05 07:03:30.352696+01
3lr6zuz3rmtvjjwexb8hv2wqfm3ozoad	.eJxVjDsOwjAQBe_iGllrZ_2jpOcMluNd4wBypDipEHeHSCmgfTPzXiKmba1x67zEicRZGCdOv-OY8oPbTuie2m2WeW7rMo1yV-RBu7zOxM_L4f4d1NTrt0YAp4vyRMEQKU5kTUAeHKEzFhxi8jBYAFZYGL3WWVnrgtbFQtZKvD_pxza6:1rGYm9:nx9BPb91SC64vTtRVL_Y6C5ZuNbSpErdNOtbPUwuGsU	2024-01-05 07:12:49.571044+01
8m3e57v1ior2k8owj95kdg73cc5si3s1	eyJzb3VyY2UiOiJhZF9yZWRkaXRfMSJ9:1rGYmw:gFNT1gTYooK_fnuDj5FeJRZxnDTmgx555ErRAO8psvY	2024-01-05 07:13:38.95197+01
nnjrkcyggp83jyslffe3ka95sr3jx3ho	eyJzb3VyY2UiOiJhZF9yZWRkaXRfMSJ9:1rGZnV:J86RQli7cWHxVq2kKEhD8QmvJSsu0gps4prgkm8MnqM	2024-01-05 08:18:17.827357+01
dqnj7utcoggk37ps1dc5l56lxtlonrgq	eyJzb3VyY2UiOiJhZF9yZWRkaXRfMSJ9:1rGaIC:YHLzcUGFvo1aRKync0MQXuzOF5Z4ELRU9sQS-NP9vN0	2024-01-05 08:50:00.989538+01
kdo1478f94fvcfj0j63fpucfqr3m3ktr	eyJzb3VyY2UiOiJhZF9yZWRkaXRfMSJ9:1rGatS:nPuc5GslMs2S7oTRzkahBFy8Nw3pG3eSIY6AFgRM8oU	2024-01-05 09:28:30.760753+01
fkatdu11y4su2tpjaok2s7t6taei430z	eyJzb3VyY2UiOiJhZF9yZWRkaXRfMSJ9:1rGbGU:bBexdelPs7hO2nRl3tpnJ9bLatp13DnzjUmstUywQ6Q	2024-01-05 09:52:18.305248+01
2ctbwh67rz8wklyqm8xew6q382wcvg3m	eyJzb3VyY2UiOiJhZF9yZWRkaXRfMSJ9:1rGbLL:DY6orUXuBP__8Y6XLOCHiIon33CYZUb5PwV6LPvVs_s	2024-01-05 09:57:19.34125+01
cx4gm9ep4chiacrwn4jc93h41xxmi0l8	eyJzb3VyY2UiOiJhZF9yZWRkaXRfMSJ9:1rGbmc:yHDXoc6HUgIzBl_Y8yFfhgOjpxzLR4ac-YZ-PQI1X-A	2024-01-05 10:25:30.423778+01
lbq8pt7bupckl9ui2m5djf1vb7mk13nt	eyJzb3VyY2UiOiJpZ19tYWhzYV8wMiJ9:1rGbnM:VIM9rTnVDoQ00vWMYyyKQLj80ZCTLTAVnYg8wTkDpO4	2024-01-05 10:26:16.224288+01
eop79ihrz7lrr84rc22u4he2esql9pmi	eyJzb3VyY2UiOiJhZF9yZWRkaXRfMSJ9:1rGcFO:PPoN5WThfS23zzDnQarz8bjMFBiBH08jWKlMGr8Irro	2024-01-05 10:55:14.585274+01
zkqm63h1ipv77dtakntcini152xlmrbb	eyJzb3VyY2UiOiJhZF9yZWRkaXRfMSJ9:1rGcGK:z-TbnjNow75mM0Db2LwBUYmLJk6nHpTGK--ZB70uq2M	2024-01-05 10:56:12.507764+01
73b15vqtjskmj6zokie5w34fxoet976r	eyJzb3VyY2UiOiJhZF9yZWRkaXRfMSJ9:1rGcny:QPGDrvHMD0oDUvJlwR-zR5kKP75T3aDr0V04up_gK-Q	2024-01-05 11:30:58.599134+01
devyre7xeweqjbb2276v34bwsj4vp4jn	.eJxVjD0OwyAUg-_CXCEg_HbsnjOgBw9K2gqkkExV714iZWi92Z_tN_Gwb8XvPa1-QXIlypLLbxggPlM9CD6g3huNrW7rEuhRoSftdG6YXrez-3dQoJexlqBYysoMAXBjuRExKwYiuklPOQgEBs4KGYaRGDRDkAmdZklyniX5fAEIsjgu:1rGdEW:QlPFKcu1U9GM4J85USvVcSyhcJkKASmLQO-ZbHCY2hM	2024-01-05 11:58:24.797631+01
vqsjgi66ufctfkbe0ejpewm3361ii01q	eyJzb3VyY2UiOiJtYWlsX3Bhcmt5ZXJpXzQifQ:1rGeni:u_R6ZKg7Q3QB1js1Kw5_BxuZ2T57YINH5vWHcyz7TY8	2024-01-05 13:38:50.116486+01
csop5hk1aklbvo0mowhivo3hno64oz6d	eyJzb3VyY2UiOiJtYWlsX3Bhcmt5ZXJpXzQifQ:1rGgnU:o3lbEEcd107dCvY0mam1ewS-s2D9WElizbv-qtCROLo	2024-01-05 15:46:44.226022+01
de1qc9nl884saaes5bmly9tobxvojet9	.eJxVjDsOwjAQBe_iGln-Jiwlfc5grXfXOIASKU4qxN0hUgpo38y8l0q4rTVtTZY0srqoCOr0O2akh0w74TtOt1nTPK3LmPWu6IM2Pcwsz-vh_h1UbPVbI3tjWZDCmQoxggCBNWxd79gU3xfrIkAkkgAeozhPObiOOHYcyKv3BzRFOMY:1rGhN7:A7BJ5IOxPuOBynLn529jxJ0bAa62DfSWAwOfRnbcTak	2024-01-05 16:23:33.694009+01
eky1fwmtfzs2mb7mhy0xxgcnjqmhjepy	.eJxVjMEOgjAQRP-lZ9O0LNtSj975hmbbXSxqIKFwMv67kHDQ22Tem3mrSNta4lZliSOrq7Lq8tslyk-ZDsAPmu6zzvO0LmPSh6JPWnU_s7xup_t3UKiWfU0pG3HElFIarEMnLTgEAGzYgO0647lFBgrioTGIAQgHDuS93aOozxfsuDeY:1rGhXt:xyzJIrtPxbP8cnoNEAYjk6We7f76Fm3V_idm8IsYGg8	2024-01-05 16:34:41.527793+01
3c5r3gms1n0zl5bex018jka3cqj49q40	eyJzb3VyY2UiOiJtYWlsX3Bhcmt5ZXJpXzQifQ:1rGljy:4LmO28vx_N0KTgBMCloD-9I7hcpLBEFiGIhERIfIwa0	2024-01-05 21:03:26.229618+01
5itz41qt7rq91dunpsuzovpp5cim6czt	.eJxdjDsOgzAQRO_iOrLsLGtDyvQ5g7X2Lph8sIShinL3gESTdKN5b-atalnnJOqiliG8KFcKVp1UoHXJYa0yh5E3-NdFSg-ZdsB3moaiU5mWeYx6V_RBq74Vluf1cH8OMtW8rSkmI46YYoy9deikAYcAgGc2YNvWeG6QgTrxcDaIHRD23JH3douiPl8stz7r:1rGmOd:8oxcdH0zj0TPTfsawxWHx5peMw8nC2g8VN6bi78iIHw	2024-01-05 21:45:27.817517+01
g30g181im7jtqhxe55ph2ixg8stzf8ye	eyJzb3VyY2UiOiJtYWlsX3Bhcmt5ZXJpXzYifQ:1rGnKa:FqNwQ00tWjyZpEO4sIAEKtuqSfr0pht__I0WbY7_i2g	2024-01-05 22:45:20.990773+01
sdp9zpj48ym619e95mewplzi7g5f0joj	eyJzb3VyY2UiOiJtYWlsX3Bhcmt5ZXJpXzYifQ:1rGnKb:B7TzAnqfPJN0Cbjq6Q0NmCboakBpovyfxDfLfd3Ccj8	2024-01-05 22:45:21.413176+01
3o5mxynz7p64akvi5kvb3bnjh64pvj6z	eyJzb3VyY2UiOiJtYWlsX3Bhcmt5ZXJpXzYifQ:1rGnKm:O9Do4YryQQB2E-ehDykIOjw_pA8rgGQ4H1MqxD9-6-A	2024-01-05 22:45:32.736002+01
mz6gj8w23rpykqvzyz67iw6iljmyluvr	.eJxVjDsOwyAQRO9CHaEF802Z3mdALAvBSYQlY1dR7h5bcpFIU817M28W4rbWsPW8hInYlRlgl98SY3rmdhB6xHafeZrbukzID4WftPNxpvy6ne7fQY297mtllScg3IMZC8oiB_RYtAY3gCZIQiQTQRRnyAoclFBWupQ85uIhss8XH-Q4fg:1rGnPO:YOIvrWZrZR3g3C3zc5SpaGg9kVOTaqATC9nh-vajQRs	2024-01-05 22:50:18.231228+01
1jiqk3ag9bzfmbtqb35yc34l13gfortn	eyJzb3VyY2UiOiJtYWlsX3Bhcmt5ZXJpXzQifQ:1rGyKb:C5ode_VrBN9F3dAjcmgTTZOUWIEcFhsZuUHCKGn_p88	2024-01-06 10:30:05.385195+01
ddyncakmy95iru7kw64in3os2mhmxkqm	.eJxVjDEOwjAMRe-SGUW4aVLKyM4ZItuxSQElUtNOiLtDpQ6w_vfef5mI65Lj2mSOUzJnE8AcfkdCfkjZSLpjuVXLtSzzRHZT7E6bvdYkz8vu_h1kbPlbS88u-H5wQp4deBmHI4xCQIE6x6IjpE6AlVRFCRCcBuxYPaqeUMz7AyC6Oa8:1rH0sU:zymzV5Vm-nxbp859TUcwJOGYh5Wga1xsD4ak7UK0xl0	2024-01-06 13:13:14.430137+01
4sriiks26m5gz1ynktz3u30vfmvqpmne	.eJxVjMsOwiAQRf-FtSHFMjxcuu83kGEYpGogKe3K-O_apAvd3nPOfYmA21rC1nkJcxIXob04_Y4R6cF1J-mO9dYktbouc5S7Ig_a5dQSP6-H-3dQsJdvjcgEzqK1A0DyNIzJKTaUxwhZacsQ4awzcLSsSBmnM_kUrRq1ggxGvD8ftDhK:1rH5Xe:5H7cSgMSEG3xHkPMA83EALdGnLw4D9errLnLZqUlMeI	2024-01-06 18:12:02.163404+01
moe2zlqvn3i79c9xlb10zxohluknifjb	eyJzb3VyY2UiOiJnZ2xfYWRzIn0:1rH8F1:X0WrEwbO8GEabzQ-KlmcUXP12LRXoEx8XKGh9CAUkCA	2024-01-06 21:04:59.831078+01
xy133qk9hp09lho51dpswtqfb9a1qx4h	.eJxVjEsOwjAMBe-SNYrsmKSGJXvOECWxQwqolfpZIe4OlbqA7ZuZ9zIxrUuL66xT7MWcTXDm8DvmVB46bETuabiNtozDMvXZbord6Wyvo-jzsrt_By3N7VuzuEJMXAMGrKAdFi9VigJV8QyeCLEjPLKCS4onoA6zJAD2gUMw7w_3CTcO:1rHFRC:nXEx7lZasNP3K8mSmp7MsZK73VQeuF8xwmgiYIZWsrI	2024-01-07 04:46:02.013947+01
dzpdzy31lgtnzvlrswnfe5hlog28ss9q	eyJzb3VyY2UiOiJ0Z19tYWhzYV8zIn0:1rHKWP:CBJYk897VrAQ4Q0X9S6FSzNg0h3tS3tCGi71MADLdSE	2024-01-07 10:11:45.305089+01
6ct4lymu6i4afh1hhdh4lfi2qcpgbvj4	eyJzb3VyY2UiOiJ0Z19tYWhzYV8zIn0:1rHMk9:vcfvqBuwH_nLICqFqyFUjlsE8axZKAnJHhapdecqVck	2024-01-07 12:34:05.694344+01
9pbz27lfp2qw4yhqiq5y1hsw8uqeua5d	.eJxVjEEOwiAQRe_C2hCGUhhcuvcMZBioVA0kpV0Z765NutDtf-_9lwi0rSVsPS9hTuIsjBWn3zESP3LdSbpTvTXJra7LHOWuyIN2eW0pPy-H-3dQqJdvPcA0ASjQRDo6ZAfOs1UjEjpUHq3RqIC99lphHCCRGfwIxpB12jCI9wfQJzYh:1rHO7q:R1CYH78JxqT9XSZJTjEpe181v4XJlodCZFelU3MGyOU	2024-01-07 14:02:38.838901+01
kxu7v7n82653l4zfry2dhtg54i64dz5b	eyJzb3VyY2UiOiJtYWlsX3Bhcmt5ZXJpXzQifQ:1rHQxj:qzsyXZBrsvrBwJ23xbrSALyVO6dSgfXjocLeGrgOwqQ	2024-01-07 17:04:23.359253+01
gyug1eo7frvmbd47sn7oiifivze91v3x	eyJzb3VyY2UiOiJpZ19tYWhzYV8wMiJ9:1rHRJs:P4EWVVMDxadkOJ14Pj790KdCLh3TWU2x4zMhVod5nDw	2024-01-07 17:27:16.299801+01
day27rnrv2od311t0hggzopliogmqgtd	eyJzb3VyY2UiOiJpZ19tYWhzYV8wMiJ9:1rHRJs:P4EWVVMDxadkOJ14Pj790KdCLh3TWU2x4zMhVod5nDw	2024-01-07 17:27:16.340979+01
1eigzvomjdf5neni1ig9mlegputo9ox4	eyJzb3VyY2UiOiJpbl9wYXJreWVyaV8zIn0:1rHRJw:0I7biuibZ4g-JSPPHxjOweAcr9H7xaR-Q3IKrjLa63Q	2024-01-07 17:27:20.096961+01
n4wkiz3afqq4j1a8zde4l75hq45muooa	eyJzb3VyY2UiOiJpbl9wYXJreWVyaV8zIn0:1rHRJw:0I7biuibZ4g-JSPPHxjOweAcr9H7xaR-Q3IKrjLa63Q	2024-01-07 17:27:20.102079+01
rw41y2vohr21sjo0zyxze0v4hj3uc3y9	eyJzb3VyY2UiOiJhZF9saW5rZWRpbl8xIn0:1rHRJw:UIFcL2pQO1aqgIYKKKE-FFf9ssWuNN8aYGnxvJfZPmQ	2024-01-07 17:27:20.116094+01
4j9k8d65e7lhrzhkwzuhhb0zkgk4hobw	eyJzb3VyY2UiOiJhZF9saW5rZWRpbl8xIn0:1rHRJw:UIFcL2pQO1aqgIYKKKE-FFf9ssWuNN8aYGnxvJfZPmQ	2024-01-07 17:27:20.27383+01
uur8sxx0t5vfj8i2gsjl0t7tn78otyy0	eyJzb3VyY2UiOiJpZ19tYWhzYV8wMiJ9:1rHRJy:VkOp7_8egJZLK3oUicTXt2h4hh-SQg05wNvO_5Gv63E	2024-01-07 17:27:22.113029+01
zcflya6wah83bnj69murp4ptm25robpm	.eJxVjDsOgzAQBe_iOrKsBYOdMn3OYK1315h8sIShQrl7QKKhfTPzNlXLOpOouxqH8MVcMRhQNxVwXXJYq8xh5J12zXWMSG-ZDsIvnIaiqUzLPEZ9KPqkVT8Ly-dxupeDjDXvtVjy6E1CAvDSWI_JAsVIrXWuBeh6K5Y5IQgk03cJkMG1LjGYhntQvz-KKj_q:1rHRrz:8f5O5fRAPxyzHm5eiZsl6Q2ld-XiQghOJABijl-srHo	2024-01-07 18:02:31.133895+01
7tatdm96mkah66etzdln7j87i2jilzob	eyJzb3VyY2UiOiJpZ19tYWhzYV8wMiJ9:1rHS6P:9q-BNzYDfxJeoezObJquWxHDBe099vN-ld23IYqVCw0	2024-01-07 18:17:25.26803+01
iewb481iqj2yolajqhshm4lnlevil9fc	eyJzb3VyY2UiOiJtYWlsX3Bhcmt5ZXJpXzEifQ:1rHZwe:EJhkcYSMHzklWdiMIZK0mddnaSQhXs4bbCqlpQA7VQ8	2024-01-08 02:39:52.691562+01
ubzu4utr6nnbtlbkkmcfg2rq9563dcf4	eyJzb3VyY2UiOiJtYWlsX3Bhcmt5ZXJpXzEifQ:1rHZwl:nicHDX915089yF7kvn3tk6wSuDp65YEPqxMinZeHLE0	2024-01-08 02:39:59.874775+01
7pnf5bwawzenz3fkhlx20njip7uwidx9	eyJzb3VyY2UiOiJ0Z19tYWhzYV8zIn0:1rHb43:sXEFEPfbsJTDXjl_F0t3nEoKHddtnh7DLxF5MFJXbfc	2024-01-08 03:51:35.018137+01
329pxnhxk3iywrw9odkh6wip4tvmt7r6	eyJzb3VyY2UiOiJtYWlsX3Bhcmt5ZXJpXzIifQ:1rHe8Q:RQ-StxSeW3Q4jiS1bjYievUrYqSC9vOOToZYvV6fc9c	2024-01-08 07:08:18.290103+01
unntbk7njdc8rqtprfrwi6iuf38pmz7f	eyJzb3VyY2UiOiJtYWlsX3Bhcmt5ZXJpXzIifQ:1rHe8X:GXSEEbLRR469siNbiIDx1zZox9tLKYi3EFupjFnNQcA	2024-01-08 07:08:25.469681+01
ahh4l2pklbnk220jl6ue6x8z4wt4cxpa	.eJxVjDsOgzAQRO_iOrL8A0zK9JzBWu-uY5LIljBUUe4ekCiScua9mbcIsK05bI2XMJO4it6Jy28ZAZ9cDkIPKPcqsZZ1maM8FHnSJqdK_Lqd7t9Bhpb39UBWoSWtXBx0h5HRMmBCcsbuGaOzXlntvVIcnR-N7ztSycAInNAl8fkCFyM4gg:1rHgVi:UW35jy8IO889zBcNKkkrj_-ZiYntllA9OE1p1KZ0tYo	2024-01-08 09:40:30.646962+01
ubwwlyb5aif1czmrasn3db9jnq8iu34s	.eJxVjr0OwyAQg9-FuUJH-BF07N5nQAcHJW0FUkimqO9eImVoN8ufbXlnHre1-K2nxc_Ersxodvk1A8ZXqgehJ9ZH47HVdZkDPyL8pJ3fG6X37cz-DRTsZbSlA4ApYBKGkhNorFaYJ0EuDuIigc5WGZKgJMYAWigjnB1CphzHq88X9Fg3aA:1rHgq9:Ob9_lQ0LKXWU9ISNv5ZnVCgJpe2y_DZ8RZZ278HU6ig	2024-01-08 10:01:37.009586+01
bv3bhm6l4tjrn3syas1sp20429mwlgzz	eyJzb3VyY2UiOiJtYWlsX3Bhcmt5ZXJpXzQifQ:1rHlPb:md-WsohYOkxSVdx2qtRQp5V8hPjPPu60-MSJkkGIHCw	2024-01-08 14:54:31.788294+01
3rbtscb4r4k6h6ro4unv3t14tg5g5reo	eyJzb3VyY2UiOiJmYl9wYXJreWVyaV8zIn0:1rHqfz:a8nqCvIouy4ZMiLWHRwQh3SJfzMkkDoH_SA49w_VSdo	2024-01-08 20:31:47.226577+01
x8dps5bhss75vz4kpmf4gs2z6movttec	eyJzb3VyY2UiOiJhZF9saW5rZWRpbl8xIn0:1rHtsS:3KUvC3u761bn0spQ402sx3d98UUeBMjmScITEABa0Sw	2024-01-08 23:56:52.81227+01
28i97p0uqnrpnkt2dak6cm9dlqam48y7	.eJxVjDsOwjAQBe_iGlnG618o6XMGa-1d4wBypDipEHeHSCmgfTPzXiLitta4dV7iROIiQJx-t4T5wW0HdMd2m2We27pMSe6KPGiX40z8vB7u30HFXr-1clisBuUJyhk5eAOaCCwoCpACBJMZdBpc8UYpKKy1QTLZo7NshiTeH8x8N2w:1rI5Rq:qoWAxtNQA0bk7RaaFbFfmX0AeInhdEms6I6YNX3GlNw	2024-01-09 12:18:10.536348+01
qokqw90z4iv63wyo360hxgigi32yxi1s	eyJzb3VyY2UiOiJpZ19tYWhzYV8wMiJ9:1rI6EJ:kwyUaWPT6S6nX9R3OCzSBpCBPNKnruRUND8J4uqBFQI	2024-01-09 13:08:15.338374+01
97w4446s0ctuug277s5xns4vexlvt5o8	.eJxVjMEOgjAQRP-lZ9O0LNtSj975hmbbXSxqIKFwMv67kHDQ22Tem3mrSNta4lZliSOrq7Lq8tslyk-ZDsAPmu6zzvO0LmPSh6JPWnU_s7xup_t3UKiWfU0pG3HElFIarEMnLTgEAGzYgO0647lFBgrioTGIAQgHDuS93aOozxfsuDeY:1rI8La:fZdNadSeatWU1Z1HjipRw2glK78v4rg0VGdfe1vcK_g	2024-01-09 15:23:54.705104+01
8bj3iq1iyhfod0vafhvbpipz8s1xoud4	eyJzb3VyY2UiOiJnZ2xfYWRzIn0:1rIDeI:cez0d_YxtcfY0KmzLpemlWmlzc3CSJlbLZpLihuqv1c	2024-01-09 21:03:34.570751+01
wa95dq0han5frzrfxod6sr94vvatugom	.eJxVjMEOgjAQRP-lZ9O0LNtSj975hmbbXSxqIKFwMv67kHDQ22Tem3mrSNta4lZliSOrq7Lq8tslyk-ZDsAPmu6zzvO0LmPSh6JPWnU_s7xup_t3UKiWfU0pG3HElFIarEMnLTgEAGzYgO0647lFBgrioTGIAQgHDuS93aOozxfsuDeY:1rITkp:Yn8Cw8VS9LmRbJyXh2b4h7uZy19M0G6Ml2eYCkGENnA	2024-01-10 14:15:23.847186+01
66tpcx4asn5rfqrxm2dubou5dsezt5ct	eyJzb3VyY2UiOiJmYl9wYXJreWVyaV8zIn0:1rIsIl:ORNW7hNgaznIw-qcUEqQL7neLs1Kx4EBkTdrClaHE-0	2024-01-11 16:28:03.579992+01
qkfmdhb5ws5x7zzklcwmk6d1t19jg784	eyJzb3VyY2UiOiJnZ2xfYWRzIn0:1rIwGl:dCACdYXr-BIaZv_KumXd4z7uo1FDrXaykgTrOw_xkds	2024-01-11 20:42:15.166437+01
iy3qwql803ibva46fx4gmkm86p97azjd	eyJzb3VyY2UiOiJpZ19tYWhzYV8wMiJ9:1rJ4g5:K2kn0xMLY_SdwCHYcBf29k-Tk1xfvSK_t0eS9zzAu8c	2024-01-12 05:40:57.231389+01
f5i6aeuzu28vsp7522qqifwwldlfxkpt	eyJzb3VyY2UiOiJtYWlsX3Bhcmt5ZXJpXzMifQ:1rJ6WO:WMc-nGkRbGQ8MrT5-eMv3nlouFBOWUwGTVE5kSTIr8E	2024-01-12 07:39:04.721198+01
hj3vm18lly4arpeue0n0f5vbnzrhk4d1	eyJzb3VyY2UiOiJtYWlsX3Bhcmt5ZXJpXzMifQ:1rJ6WV:_Dl0kXkClh3by027JFeciXhW2FpdAOrPjDlWI8N3fr8	2024-01-12 07:39:11.927679+01
\.


--
-- Data for Name: hacker_hackerinfo; Type: TABLE DATA; Schema: public; Owner: faizan
--

COPY public.hacker_hackerinfo (id, user_id) FROM stdin;
1	2
2	3
5	6
6	7
11	12
22	23
23	24
24	25
28	29
30	31
31	32
33	34
34	35
35	36
36	37
37	38
38	39
39	40
40	41
41	42
42	43
43	44
44	45
45	46
46	47
47	48
48	49
49	50
50	51
51	52
52	53
53	54
54	55
55	56
56	57
57	58
58	59
59	60
60	61
61	62
62	63
63	64
64	65
\.


--
-- Data for Name: organizer_featurepermission; Type: TABLE DATA; Schema: public; Owner: faizan
--

COPY public.organizer_featurepermission (id, url_name, permission_name) FROM stdin;
1	display-hackers	h-Hackers
2	statistics	s-Stats
\.


--
-- Data for Name: organizer_organizerinfo; Type: TABLE DATA; Schema: public; Owner: faizan
--

COPY public.organizer_organizerinfo (id, user_id) FROM stdin;
\.


--
-- Data for Name: organizer_organizerpermission; Type: TABLE DATA; Schema: public; Owner: faizan
--

COPY public.organizer_organizerpermission (id, user_id) FROM stdin;
1	1
\.


--
-- Data for Name: organizer_organizerpermission_permission; Type: TABLE DATA; Schema: public; Owner: faizan
--

COPY public.organizer_organizerpermission_permission (id, organizerpermission_id, featurepermission_id) FROM stdin;
1	1	1
2	1	2
\.


--
-- Data for Name: organizer_websitesettings; Type: TABLE DATA; Schema: public; Owner: faizan
--

COPY public.organizer_websitesettings (id, waiting_list_status) FROM stdin;
\.


--
-- Name: auth_group_id_seq; Type: SEQUENCE SET; Schema: public; Owner: faizan
--

SELECT pg_catalog.setval('public.auth_group_id_seq', 2, true);


--
-- Name: auth_group_permissions_id_seq; Type: SEQUENCE SET; Schema: public; Owner: faizan
--

SELECT pg_catalog.setval('public.auth_group_permissions_id_seq', 1, false);


--
-- Name: auth_permission_id_seq; Type: SEQUENCE SET; Schema: public; Owner: faizan
--

SELECT pg_catalog.setval('public.auth_permission_id_seq', 64, true);


--
-- Name: default_customuser_groups_id_seq; Type: SEQUENCE SET; Schema: public; Owner: faizan
--

SELECT pg_catalog.setval('public.default_customuser_groups_id_seq', 64, true);


--
-- Name: default_customuser_id_seq; Type: SEQUENCE SET; Schema: public; Owner: faizan
--

SELECT pg_catalog.setval('public.default_customuser_id_seq', 65, true);


--
-- Name: default_customuser_user_permissions_id_seq; Type: SEQUENCE SET; Schema: public; Owner: faizan
--

SELECT pg_catalog.setval('public.default_customuser_user_permissions_id_seq', 1, false);


--
-- Name: default_event_id_seq; Type: SEQUENCE SET; Schema: public; Owner: faizan
--

SELECT pg_catalog.setval('public.default_event_id_seq', 1, false);


--
-- Name: default_incomingphoneno_id_seq; Type: SEQUENCE SET; Schema: public; Owner: faizan
--

SELECT pg_catalog.setval('public.default_incomingphoneno_id_seq', 16, true);


--
-- Name: default_otpcode_id_seq; Type: SEQUENCE SET; Schema: public; Owner: faizan
--

SELECT pg_catalog.setval('public.default_otpcode_id_seq', 1, false);


--
-- Name: default_referer_id_seq; Type: SEQUENCE SET; Schema: public; Owner: faizan
--

SELECT pg_catalog.setval('public.default_referer_id_seq', 885, true);


--
-- Name: default_waitinglist_id_seq; Type: SEQUENCE SET; Schema: public; Owner: faizan
--

SELECT pg_catalog.setval('public.default_waitinglist_id_seq', 1, false);


--
-- Name: django_admin_log_id_seq; Type: SEQUENCE SET; Schema: public; Owner: faizan
--

SELECT pg_catalog.setval('public.django_admin_log_id_seq', 25, true);


--
-- Name: django_content_type_id_seq; Type: SEQUENCE SET; Schema: public; Owner: faizan
--

SELECT pg_catalog.setval('public.django_content_type_id_seq', 16, true);


--
-- Name: django_migrations_id_seq; Type: SEQUENCE SET; Schema: public; Owner: faizan
--

SELECT pg_catalog.setval('public.django_migrations_id_seq', 56, true);


--
-- Name: hacker_hackerinfo_id_seq; Type: SEQUENCE SET; Schema: public; Owner: faizan
--

SELECT pg_catalog.setval('public.hacker_hackerinfo_id_seq', 64, true);


--
-- Name: organizer_featurepermission_id_seq; Type: SEQUENCE SET; Schema: public; Owner: faizan
--

SELECT pg_catalog.setval('public.organizer_featurepermission_id_seq', 2, true);


--
-- Name: organizer_organizerinfo_id_seq; Type: SEQUENCE SET; Schema: public; Owner: faizan
--

SELECT pg_catalog.setval('public.organizer_organizerinfo_id_seq', 1, false);


--
-- Name: organizer_organizerpermission_id_seq; Type: SEQUENCE SET; Schema: public; Owner: faizan
--

SELECT pg_catalog.setval('public.organizer_organizerpermission_id_seq', 1, true);


--
-- Name: organizer_organizerpermission_permission_id_seq; Type: SEQUENCE SET; Schema: public; Owner: faizan
--

SELECT pg_catalog.setval('public.organizer_organizerpermission_permission_id_seq', 2, true);


--
-- Name: organizer_websitesettings_id_seq; Type: SEQUENCE SET; Schema: public; Owner: faizan
--

SELECT pg_catalog.setval('public.organizer_websitesettings_id_seq', 1, false);


--
-- Name: auth_group auth_group_name_key; Type: CONSTRAINT; Schema: public; Owner: faizan
--

ALTER TABLE ONLY public.auth_group
    ADD CONSTRAINT auth_group_name_key UNIQUE (name);


--
-- Name: auth_group_permissions auth_group_permissions_group_id_permission_id_0cd325b0_uniq; Type: CONSTRAINT; Schema: public; Owner: faizan
--

ALTER TABLE ONLY public.auth_group_permissions
    ADD CONSTRAINT auth_group_permissions_group_id_permission_id_0cd325b0_uniq UNIQUE (group_id, permission_id);


--
-- Name: auth_group_permissions auth_group_permissions_pkey; Type: CONSTRAINT; Schema: public; Owner: faizan
--

ALTER TABLE ONLY public.auth_group_permissions
    ADD CONSTRAINT auth_group_permissions_pkey PRIMARY KEY (id);


--
-- Name: auth_group auth_group_pkey; Type: CONSTRAINT; Schema: public; Owner: faizan
--

ALTER TABLE ONLY public.auth_group
    ADD CONSTRAINT auth_group_pkey PRIMARY KEY (id);


--
-- Name: auth_permission auth_permission_content_type_id_codename_01ab375a_uniq; Type: CONSTRAINT; Schema: public; Owner: faizan
--

ALTER TABLE ONLY public.auth_permission
    ADD CONSTRAINT auth_permission_content_type_id_codename_01ab375a_uniq UNIQUE (content_type_id, codename);


--
-- Name: auth_permission auth_permission_pkey; Type: CONSTRAINT; Schema: public; Owner: faizan
--

ALTER TABLE ONLY public.auth_permission
    ADD CONSTRAINT auth_permission_pkey PRIMARY KEY (id);


--
-- Name: default_customuser default_customuser_email_key; Type: CONSTRAINT; Schema: public; Owner: faizan
--

ALTER TABLE ONLY public.default_customuser
    ADD CONSTRAINT default_customuser_email_key UNIQUE (email);


--
-- Name: default_customuser_groups default_customuser_groups_customuser_id_group_id_fe59ff67_uniq; Type: CONSTRAINT; Schema: public; Owner: faizan
--

ALTER TABLE ONLY public.default_customuser_groups
    ADD CONSTRAINT default_customuser_groups_customuser_id_group_id_fe59ff67_uniq UNIQUE (customuser_id, group_id);


--
-- Name: default_customuser_groups default_customuser_groups_pkey; Type: CONSTRAINT; Schema: public; Owner: faizan
--

ALTER TABLE ONLY public.default_customuser_groups
    ADD CONSTRAINT default_customuser_groups_pkey PRIMARY KEY (id);


--
-- Name: default_customuser default_customuser_pkey; Type: CONSTRAINT; Schema: public; Owner: faizan
--

ALTER TABLE ONLY public.default_customuser
    ADD CONSTRAINT default_customuser_pkey PRIMARY KEY (id);


--
-- Name: default_customuser_user_permissions default_customuser_user__customuser_id_permission_453a11d0_uniq; Type: CONSTRAINT; Schema: public; Owner: faizan
--

ALTER TABLE ONLY public.default_customuser_user_permissions
    ADD CONSTRAINT default_customuser_user__customuser_id_permission_453a11d0_uniq UNIQUE (customuser_id, permission_id);


--
-- Name: default_customuser_user_permissions default_customuser_user_permissions_pkey; Type: CONSTRAINT; Schema: public; Owner: faizan
--

ALTER TABLE ONLY public.default_customuser_user_permissions
    ADD CONSTRAINT default_customuser_user_permissions_pkey PRIMARY KEY (id);


--
-- Name: default_event default_event_pkey; Type: CONSTRAINT; Schema: public; Owner: faizan
--

ALTER TABLE ONLY public.default_event
    ADD CONSTRAINT default_event_pkey PRIMARY KEY (id);


--
-- Name: default_incomingphoneno default_incomingphoneno_pkey; Type: CONSTRAINT; Schema: public; Owner: faizan
--

ALTER TABLE ONLY public.default_incomingphoneno
    ADD CONSTRAINT default_incomingphoneno_pkey PRIMARY KEY (id);


--
-- Name: default_otpcode default_otpcode_pkey; Type: CONSTRAINT; Schema: public; Owner: faizan
--

ALTER TABLE ONLY public.default_otpcode
    ADD CONSTRAINT default_otpcode_pkey PRIMARY KEY (id);


--
-- Name: default_referer default_referer_pkey; Type: CONSTRAINT; Schema: public; Owner: faizan
--

ALTER TABLE ONLY public.default_referer
    ADD CONSTRAINT default_referer_pkey PRIMARY KEY (id);


--
-- Name: default_waitinglist default_waitinglist_email_key; Type: CONSTRAINT; Schema: public; Owner: faizan
--

ALTER TABLE ONLY public.default_waitinglist
    ADD CONSTRAINT default_waitinglist_email_key UNIQUE (email);


--
-- Name: default_waitinglist default_waitinglist_pkey; Type: CONSTRAINT; Schema: public; Owner: faizan
--

ALTER TABLE ONLY public.default_waitinglist
    ADD CONSTRAINT default_waitinglist_pkey PRIMARY KEY (id);


--
-- Name: django_admin_log django_admin_log_pkey; Type: CONSTRAINT; Schema: public; Owner: faizan
--

ALTER TABLE ONLY public.django_admin_log
    ADD CONSTRAINT django_admin_log_pkey PRIMARY KEY (id);


--
-- Name: django_content_type django_content_type_app_label_model_76bd3d3b_uniq; Type: CONSTRAINT; Schema: public; Owner: faizan
--

ALTER TABLE ONLY public.django_content_type
    ADD CONSTRAINT django_content_type_app_label_model_76bd3d3b_uniq UNIQUE (app_label, model);


--
-- Name: django_content_type django_content_type_pkey; Type: CONSTRAINT; Schema: public; Owner: faizan
--

ALTER TABLE ONLY public.django_content_type
    ADD CONSTRAINT django_content_type_pkey PRIMARY KEY (id);


--
-- Name: django_migrations django_migrations_pkey; Type: CONSTRAINT; Schema: public; Owner: faizan
--

ALTER TABLE ONLY public.django_migrations
    ADD CONSTRAINT django_migrations_pkey PRIMARY KEY (id);


--
-- Name: django_session django_session_pkey; Type: CONSTRAINT; Schema: public; Owner: faizan
--

ALTER TABLE ONLY public.django_session
    ADD CONSTRAINT django_session_pkey PRIMARY KEY (session_key);


--
-- Name: hacker_hackerinfo hacker_hackerinfo_pkey; Type: CONSTRAINT; Schema: public; Owner: faizan
--

ALTER TABLE ONLY public.hacker_hackerinfo
    ADD CONSTRAINT hacker_hackerinfo_pkey PRIMARY KEY (id);


--
-- Name: hacker_hackerinfo hacker_hackerinfo_user_id_key; Type: CONSTRAINT; Schema: public; Owner: faizan
--

ALTER TABLE ONLY public.hacker_hackerinfo
    ADD CONSTRAINT hacker_hackerinfo_user_id_key UNIQUE (user_id);


--
-- Name: organizer_featurepermission organizer_featurepermission_pkey; Type: CONSTRAINT; Schema: public; Owner: faizan
--

ALTER TABLE ONLY public.organizer_featurepermission
    ADD CONSTRAINT organizer_featurepermission_pkey PRIMARY KEY (id);


--
-- Name: organizer_organizerinfo organizer_organizerinfo_pkey; Type: CONSTRAINT; Schema: public; Owner: faizan
--

ALTER TABLE ONLY public.organizer_organizerinfo
    ADD CONSTRAINT organizer_organizerinfo_pkey PRIMARY KEY (id);


--
-- Name: organizer_organizerinfo organizer_organizerinfo_user_id_key; Type: CONSTRAINT; Schema: public; Owner: faizan
--

ALTER TABLE ONLY public.organizer_organizerinfo
    ADD CONSTRAINT organizer_organizerinfo_user_id_key UNIQUE (user_id);


--
-- Name: organizer_organizerpermission_permission organizer_organizerpermi_organizerpermission_id_f_e36ad0d0_uniq; Type: CONSTRAINT; Schema: public; Owner: faizan
--

ALTER TABLE ONLY public.organizer_organizerpermission_permission
    ADD CONSTRAINT organizer_organizerpermi_organizerpermission_id_f_e36ad0d0_uniq UNIQUE (organizerpermission_id, featurepermission_id);


--
-- Name: organizer_organizerpermission_permission organizer_organizerpermission_permission_pkey; Type: CONSTRAINT; Schema: public; Owner: faizan
--

ALTER TABLE ONLY public.organizer_organizerpermission_permission
    ADD CONSTRAINT organizer_organizerpermission_permission_pkey PRIMARY KEY (id);


--
-- Name: organizer_organizerpermission organizer_organizerpermission_pkey; Type: CONSTRAINT; Schema: public; Owner: faizan
--

ALTER TABLE ONLY public.organizer_organizerpermission
    ADD CONSTRAINT organizer_organizerpermission_pkey PRIMARY KEY (id);


--
-- Name: organizer_websitesettings organizer_websitesettings_pkey; Type: CONSTRAINT; Schema: public; Owner: faizan
--

ALTER TABLE ONLY public.organizer_websitesettings
    ADD CONSTRAINT organizer_websitesettings_pkey PRIMARY KEY (id);


--
-- Name: auth_group_name_a6ea08ec_like; Type: INDEX; Schema: public; Owner: faizan
--

CREATE INDEX auth_group_name_a6ea08ec_like ON public.auth_group USING btree (name varchar_pattern_ops);


--
-- Name: auth_group_permissions_group_id_b120cbf9; Type: INDEX; Schema: public; Owner: faizan
--

CREATE INDEX auth_group_permissions_group_id_b120cbf9 ON public.auth_group_permissions USING btree (group_id);


--
-- Name: auth_group_permissions_permission_id_84c5c92e; Type: INDEX; Schema: public; Owner: faizan
--

CREATE INDEX auth_group_permissions_permission_id_84c5c92e ON public.auth_group_permissions USING btree (permission_id);


--
-- Name: auth_permission_content_type_id_2f476e4b; Type: INDEX; Schema: public; Owner: faizan
--

CREATE INDEX auth_permission_content_type_id_2f476e4b ON public.auth_permission USING btree (content_type_id);


--
-- Name: default_customuser_email_d5ec9069_like; Type: INDEX; Schema: public; Owner: faizan
--

CREATE INDEX default_customuser_email_d5ec9069_like ON public.default_customuser USING btree (email varchar_pattern_ops);


--
-- Name: default_customuser_groups_customuser_id_ee1f7d99; Type: INDEX; Schema: public; Owner: faizan
--

CREATE INDEX default_customuser_groups_customuser_id_ee1f7d99 ON public.default_customuser_groups USING btree (customuser_id);


--
-- Name: default_customuser_groups_group_id_369bf8c6; Type: INDEX; Schema: public; Owner: faizan
--

CREATE INDEX default_customuser_groups_group_id_369bf8c6 ON public.default_customuser_groups USING btree (group_id);


--
-- Name: default_customuser_user_permissions_customuser_id_fe6ab6cc; Type: INDEX; Schema: public; Owner: faizan
--

CREATE INDEX default_customuser_user_permissions_customuser_id_fe6ab6cc ON public.default_customuser_user_permissions USING btree (customuser_id);


--
-- Name: default_customuser_user_permissions_permission_id_30383f00; Type: INDEX; Schema: public; Owner: faizan
--

CREATE INDEX default_customuser_user_permissions_permission_id_30383f00 ON public.default_customuser_user_permissions USING btree (permission_id);


--
-- Name: default_waitinglist_email_801d953b_like; Type: INDEX; Schema: public; Owner: faizan
--

CREATE INDEX default_waitinglist_email_801d953b_like ON public.default_waitinglist USING btree (email varchar_pattern_ops);


--
-- Name: django_admin_log_content_type_id_c4bce8eb; Type: INDEX; Schema: public; Owner: faizan
--

CREATE INDEX django_admin_log_content_type_id_c4bce8eb ON public.django_admin_log USING btree (content_type_id);


--
-- Name: django_admin_log_user_id_c564eba6; Type: INDEX; Schema: public; Owner: faizan
--

CREATE INDEX django_admin_log_user_id_c564eba6 ON public.django_admin_log USING btree (user_id);


--
-- Name: django_session_expire_date_a5c62663; Type: INDEX; Schema: public; Owner: faizan
--

CREATE INDEX django_session_expire_date_a5c62663 ON public.django_session USING btree (expire_date);


--
-- Name: django_session_session_key_c0390e0f_like; Type: INDEX; Schema: public; Owner: faizan
--

CREATE INDEX django_session_session_key_c0390e0f_like ON public.django_session USING btree (session_key varchar_pattern_ops);


--
-- Name: organizer_organizerpermiss_featurepermission_id_b555cf5a; Type: INDEX; Schema: public; Owner: faizan
--

CREATE INDEX organizer_organizerpermiss_featurepermission_id_b555cf5a ON public.organizer_organizerpermission_permission USING btree (featurepermission_id);


--
-- Name: organizer_organizerpermiss_organizerpermission_id_c2a841d6; Type: INDEX; Schema: public; Owner: faizan
--

CREATE INDEX organizer_organizerpermiss_organizerpermission_id_c2a841d6 ON public.organizer_organizerpermission_permission USING btree (organizerpermission_id);


--
-- Name: organizer_organizerpermission_user_id_d4d9da3b; Type: INDEX; Schema: public; Owner: faizan
--

CREATE INDEX organizer_organizerpermission_user_id_d4d9da3b ON public.organizer_organizerpermission USING btree (user_id);


--
-- Name: auth_group_permissions auth_group_permissio_permission_id_84c5c92e_fk_auth_perm; Type: FK CONSTRAINT; Schema: public; Owner: faizan
--

ALTER TABLE ONLY public.auth_group_permissions
    ADD CONSTRAINT auth_group_permissio_permission_id_84c5c92e_fk_auth_perm FOREIGN KEY (permission_id) REFERENCES public.auth_permission(id) DEFERRABLE INITIALLY DEFERRED;


--
-- Name: auth_group_permissions auth_group_permissions_group_id_b120cbf9_fk_auth_group_id; Type: FK CONSTRAINT; Schema: public; Owner: faizan
--

ALTER TABLE ONLY public.auth_group_permissions
    ADD CONSTRAINT auth_group_permissions_group_id_b120cbf9_fk_auth_group_id FOREIGN KEY (group_id) REFERENCES public.auth_group(id) DEFERRABLE INITIALLY DEFERRED;


--
-- Name: auth_permission auth_permission_content_type_id_2f476e4b_fk_django_co; Type: FK CONSTRAINT; Schema: public; Owner: faizan
--

ALTER TABLE ONLY public.auth_permission
    ADD CONSTRAINT auth_permission_content_type_id_2f476e4b_fk_django_co FOREIGN KEY (content_type_id) REFERENCES public.django_content_type(id) DEFERRABLE INITIALLY DEFERRED;


--
-- Name: default_customuser_groups default_customuser_g_customuser_id_ee1f7d99_fk_default_c; Type: FK CONSTRAINT; Schema: public; Owner: faizan
--

ALTER TABLE ONLY public.default_customuser_groups
    ADD CONSTRAINT default_customuser_g_customuser_id_ee1f7d99_fk_default_c FOREIGN KEY (customuser_id) REFERENCES public.default_customuser(id) DEFERRABLE INITIALLY DEFERRED;


--
-- Name: default_customuser_groups default_customuser_groups_group_id_369bf8c6_fk_auth_group_id; Type: FK CONSTRAINT; Schema: public; Owner: faizan
--

ALTER TABLE ONLY public.default_customuser_groups
    ADD CONSTRAINT default_customuser_groups_group_id_369bf8c6_fk_auth_group_id FOREIGN KEY (group_id) REFERENCES public.auth_group(id) DEFERRABLE INITIALLY DEFERRED;


--
-- Name: default_customuser_user_permissions default_customuser_u_customuser_id_fe6ab6cc_fk_default_c; Type: FK CONSTRAINT; Schema: public; Owner: faizan
--

ALTER TABLE ONLY public.default_customuser_user_permissions
    ADD CONSTRAINT default_customuser_u_customuser_id_fe6ab6cc_fk_default_c FOREIGN KEY (customuser_id) REFERENCES public.default_customuser(id) DEFERRABLE INITIALLY DEFERRED;


--
-- Name: default_customuser_user_permissions default_customuser_u_permission_id_30383f00_fk_auth_perm; Type: FK CONSTRAINT; Schema: public; Owner: faizan
--

ALTER TABLE ONLY public.default_customuser_user_permissions
    ADD CONSTRAINT default_customuser_u_permission_id_30383f00_fk_auth_perm FOREIGN KEY (permission_id) REFERENCES public.auth_permission(id) DEFERRABLE INITIALLY DEFERRED;


--
-- Name: django_admin_log django_admin_log_content_type_id_c4bce8eb_fk_django_co; Type: FK CONSTRAINT; Schema: public; Owner: faizan
--

ALTER TABLE ONLY public.django_admin_log
    ADD CONSTRAINT django_admin_log_content_type_id_c4bce8eb_fk_django_co FOREIGN KEY (content_type_id) REFERENCES public.django_content_type(id) DEFERRABLE INITIALLY DEFERRED;


--
-- Name: django_admin_log django_admin_log_user_id_c564eba6_fk_default_customuser_id; Type: FK CONSTRAINT; Schema: public; Owner: faizan
--

ALTER TABLE ONLY public.django_admin_log
    ADD CONSTRAINT django_admin_log_user_id_c564eba6_fk_default_customuser_id FOREIGN KEY (user_id) REFERENCES public.default_customuser(id) DEFERRABLE INITIALLY DEFERRED;


--
-- Name: hacker_hackerinfo hacker_hackerinfo_user_id_1da6117d_fk_default_customuser_id; Type: FK CONSTRAINT; Schema: public; Owner: faizan
--

ALTER TABLE ONLY public.hacker_hackerinfo
    ADD CONSTRAINT hacker_hackerinfo_user_id_1da6117d_fk_default_customuser_id FOREIGN KEY (user_id) REFERENCES public.default_customuser(id) DEFERRABLE INITIALLY DEFERRED;


--
-- Name: organizer_organizerinfo organizer_organizeri_user_id_a8700692_fk_default_c; Type: FK CONSTRAINT; Schema: public; Owner: faizan
--

ALTER TABLE ONLY public.organizer_organizerinfo
    ADD CONSTRAINT organizer_organizeri_user_id_a8700692_fk_default_c FOREIGN KEY (user_id) REFERENCES public.default_customuser(id) DEFERRABLE INITIALLY DEFERRED;


--
-- Name: organizer_organizerpermission_permission organizer_organizerp_featurepermission_id_b555cf5a_fk_organizer; Type: FK CONSTRAINT; Schema: public; Owner: faizan
--

ALTER TABLE ONLY public.organizer_organizerpermission_permission
    ADD CONSTRAINT organizer_organizerp_featurepermission_id_b555cf5a_fk_organizer FOREIGN KEY (featurepermission_id) REFERENCES public.organizer_featurepermission(id) DEFERRABLE INITIALLY DEFERRED;


--
-- Name: organizer_organizerpermission_permission organizer_organizerp_organizerpermission__c2a841d6_fk_organizer; Type: FK CONSTRAINT; Schema: public; Owner: faizan
--

ALTER TABLE ONLY public.organizer_organizerpermission_permission
    ADD CONSTRAINT organizer_organizerp_organizerpermission__c2a841d6_fk_organizer FOREIGN KEY (organizerpermission_id) REFERENCES public.organizer_organizerpermission(id) DEFERRABLE INITIALLY DEFERRED;


--
-- Name: organizer_organizerpermission organizer_organizerp_user_id_d4d9da3b_fk_default_c; Type: FK CONSTRAINT; Schema: public; Owner: faizan
--

ALTER TABLE ONLY public.organizer_organizerpermission
    ADD CONSTRAINT organizer_organizerp_user_id_d4d9da3b_fk_default_c FOREIGN KEY (user_id) REFERENCES public.default_customuser(id) DEFERRABLE INITIALLY DEFERRED;


--
-- PostgreSQL database dump complete
--

